"numLegislatura","ideCadastro","Nome Parlamentar","Nome","dataNascimento","sexo","partidoAtual","ufRepresentacaoAtual","nomeProfissao","email"
"52","73764","ABELARDO LUPION","ABELARDO LUIZ LUPION MELLO","25/08/1952","M","DEM","PR","Agropecuarista e Empresário","dep.abelardolupion@camara.gov.br"
"52","73886","ADAO PRETTO","ADAO PRETTO","18/12/1945","M","PT","RS","Agricultor","dep.adaopretto@camara.gov.br"
"52","74328","ADAUTO PEREIRA","ADAUTO PEREIRA DE LIMA","04/06/1935","M","DEM","PB","Agropecuarista e Industrial","dep.adautopereira@camara.gov.br"
"52","74386","ADELOR VIEIRA","ADELOR FRANCISCO VIEIRA","07/01/1947","M","PMDB","SC","Professor e Securitário.","dep.adelorvieira@camara.gov.br"
"52","133374","ADEMIR CAMILO","ADEMIR CAMILO PRATES RODRIGUES","30/05/1964","M","PDT","MG","Médico, Advogado","dep.ademircamilo@camara.gov.br"
"52","73765","AFFONSO CAMARGO","AFFONSO ALVES DE CAMARGO NETO","30/04/1929","M","PSDB","PR","Engenheiro Civil","dep.affonsocamargo@camara.gov.br"
"52","74035","PROMOTOR AFONSO GIL","AFONSO GIL CASTELO BRANCO","26/01/1951","M","PDT","PI","SERVIDOR PUBLICO ESTADUAL","dep.promotorafonsogil@camara.gov.br"
"52","74358","AGNALDO MUNIZ","AGNALDO MUNIZ","31/08/1970","M","PP","RO","Advogado","dep.agnaldomuniz@camara.gov.br"
"52","73654","AGNELO QUEIROZ","AGNELO SANTOS QUEIROZ FILHO","09/11/1958","M","PCdoB","DF","Médico","dep.agneloqueiroz@camara.gov.br"
"52","73457","AIRTON ROVEDA","AIRTON BERNARDO ROVEDA","14/02/1948","M","PPS","PR","Minerador, Comerciante e Pecuarista","dep.airtonroveda@camara.gov.br"
"52","74018","ALBERICO FILHO","ALBERICO DE FRANCA FERREIRA FILHO","10/04/1950","M","PMDB","MA","Servidor Público","dep.albericofilho@camara.gov.br"
"52","73427","ALBERTO GOLDMAN","ALBERTO GOLDMAN","12/10/1937","M","PSDB","SP","Engenheiro Civil","dep.albertogoldman@camara.gov.br"
"52","73979","ALCESTE ALMEIDA","ALCESTE MADEIRA DE ALMEIDA","22/03/1944","M","PTB","RR","Médico","dep.alcestealmeida@camara.gov.br"
"52","73477","ALCEU COLLARES","ALCEU DE DEUS COLLARES","12/09/1927","M","PDT","RS","Advogado","dep.alceucollares@camara.gov.br"
"52","74828","ALDIR CABRAL","ALDIR CABRAL DE ARAUJO","12/03/1948","M","DEM","RJ","Servidor Público e Advogado","dep.aldircabral@camara.gov.br"
"52","73458","ALEX CANZIANI","ALEX CANZIANI SILVEIRA","11/06/1964","M","PTB","PR","Registrador de Imóveis","dep.alexcanziani@camara.gov.br"
"52","74829","ALEXANDRE CARDOSO","ALEXANDRE AGUIAR CARDOSO","03/05/1952","M","PSB","RJ","Médico","dep.alexandrecardoso@camara.gov.br"
"52","74830","ALEXANDRE SANTOS","ALEXANDRE JOSE DOS SANTOS","04/09/1954","M","PMDB","RJ","Empresário","dep.alexandresantos@camara.gov.br"
"52","136226","ALEXANDRE MAIA","ALEXANDRE MAIA LEMOS","28/02/1960","M","PMDB","MG","Médico Veterinário e Empresário","dep.alexandremaia@camara.gov.br"
"52","74057","ALICE PORTUGAL","ALICE MAZZUCO PORTUGAL","16/05/1959","F","PCdoB","BA","Química Industrial e Farmacêutica Bioquímica","dep.aliceportugal@camara.gov.br"
"52","74675","ALMERINDA DE CARVALHO","ALMERINDA FILGUEIRAS DE CARVALHO","17/01/1952","F","PMDB","RJ","Professora e Pedagoga","dep.almerindadecarvalho@camara.gov.br"
"52","74341","ALMIR SA","ALMIR MORAIS SA","30/09/1953","M","PR","RR","Advogado e Empresário","dep.almirsa@camara.gov.br"
"52","74167","ALMIR MOURA","ALMIR OLIVEIRA MOURA","22/05/1959","M","S.PART.","RJ","Ministro Evangélico e Radialista","dep.almirmoura@camara.gov.br"
"52","73430","ALOYSIO NUNES FERREIRA","ALOYSIO NUNES FERREIRA FILHO","05/04/1945","M","PSDB","SP","Advogado","dep.aloysionunesferreira@camara.gov.br"
"52","74036","ALVARO DIAS","ALVARO COSTA DIAS","04/09/1959","M","PDT","RN","MEDICO","dep.alvarodias@camara.gov.br"
"52","129617","AMADOR TUT","AMADOR ATAIDE GONCALVES TUT","25/04/1941","M","PR","MT","Agropecuarista e Empresário","dep.amadortut@camara.gov.br"
"52","74444","PASTOR AMARILDO","AMARILDO MARTINS DA SILVA","22/08/1962","M","PSC","TO","Técnico em Contabilidade, Estatística, Economia Doméstica e Administração  e Empresário.","dep.pastoramarildo@camara.gov.br"
"52","74260","AMAURI GASQUES","AMAURI ROBLEDO GASQUES","17/03/1958","M","PR","SP","Médico Cardiologista","dep.amaurigasques@camara.gov.br"
"52","133440","ANA ALENCAR","ANA BORGES NEVES ALENCAR","09/11/1961","F","PSDB","TO","Odontóloga e Psicanalista","dep.anaalencar@camara.gov.br"
"52","134115","ANA GUERRA","ANA MARIA QUINTANS GUERRA DE OLIVEIRA","13/09/1954","F","PT","MG","Psicóloga","dep.anaguerra@camara.gov.br"
"52","74146","ANDERSON ADAUTO","ANDERSON ADAUTO PEREIRA","06/04/1957","M","PL","MG","ADVOGADO","dep.andersonadauto@camara.gov.br"
"52","74471","ANDRE DE PAULA","ANDRE CARLOS ALVES DE PAULA FILHO","22/07/1961","M","DEM","PE","Advogado.","dep.andredepaula@camara.gov.br"
"52","133377","ANDRE COSTA","ANDRE LUIZ COSTA DE SOUZA","22/05/1968","M","PDT","RJ","Diplomata","dep.andrecosta@camara.gov.br"
"52","74168","ANDRE LUIZ","ANDRE LUIZ LOPES DA SILVA","04/02/1959","M","S.PART.","RJ","

    ","dep.andreluiz@camara.gov.br"
"52","133439","ANDRE FIGUEIREDO","ANDRE PEIXOTO FIGUEIREDO LIMA","10/11/1966","M","PDT","CE","Advogado, Economista, Empresário","dep.andrefigueiredo@camara.gov.br"
"52","74377","ANDRE ZACHAROW","ANDRE ZACHAROW","07/07/1939","M","PMDB","PR","Advogado, Economista, Professor","dep.andrezacharow@camara.gov.br"
"52","74699","ANGELA GUADAGNIN","ANGELA MORAES GUADAGNIN","08/04/1948","F","PT","SP","Médica","dep.angelaguadagnin@camara.gov.br"
"52","74212","ANIBAL GOMES","ANIBAL FERREIRA GOMES","07/06/1953","M","PMDB","CE","Cirurgião-Dentista e Agropecuarista","dep.anibalgomes@camara.gov.br"
"52","74072","ANIVALDO VALE","ANIVALDO JUVENIL VALE","02/12/1944","M","PSDB","PA","Servidor Público e Agropecuarista","dep.anivaldovale@camara.gov.br"
"52","73928","ANN PONTES","ANN CLELIA DE BARROS PONTES","24/02/1966","F","PMDB","PA","Advogada","dep.annpontes@camara.gov.br"
"52","73937","ANSELMO","ANSELMO DE JESUS ABREU","25/12/1952","M","PT","RO","AGRICULTOR","dep.anselmo@camara.gov.br"
"52","133371","ANTENOR NASPOLINI","ANTENOR MANOEL NASPOLINI","21/10/1940","M","PSDB","CE","Professor e Sociólogo","dep.antenornaspolini@camara.gov.br"
"52","65987","LUCIA BRAGA","ANTONIA LUCIA NAVARRO BRAGA","13/12/1934","F","PMDB","PB","ASSISTENTE SOCIAL","dep.luciabraga@camara.gov.br"
"52","74277","LOBBE NETO","ANTONIO ADOLPHO LOBBE NETO","18/06/1957","M","PSDB","SP","BIOMEDICO","dep.lobbeneto@camara.gov.br"
"52","74373","ANTONIO CARLOS BIFFI","ANTONIO CARLOS BIFFI","09/03/1952","M","PT","MS","PROFESSOR DE ENSINO DE PRIMEIRO E SEGUNDO GRAUS","dep.antoniocarlosbiffi@camara.gov.br"
"52","73584","ANTONIO CARLOS MENDES THAME","ANTONIO CARLOS DE MENDES THAME","13/06/1946","M","PSDB","SP","Professor Universitário.","dep.antoniocarlosmendesthame@camara.gov.br"
"52","73431","ANTONIO CARLOS PANNUNZIO","ANTONIO CARLOS PANNUNZIO","29/07/1943","M","PSDB","SP","Engenheiro Metalúrgico e Professor Universitário","dep.antoniocarlospannunzio@camara.gov.br"
"52","74058","ANTONIO CARLOS MAGALHAES NETO","ANTONIO CARLOS PEIXOTO DE MAGALHAES NETO","26/01/1979","M","DEM","BA","Advogado","dep.antoniocarlosmagalhaesneto@camara.gov.br"
"52","73492","ANTONIO CARLOS BISCAIA","ANTONIO CARLOS SILVA BISCAIA","03/06/1942","M","PT","RJ","Procurador de Justiça e Professor Universitário","dep.biscaia@camara.gov.br"
"52","74473","CARLOS BATATA","ANTONIO CARLOS VIEIRA DOS SANTOS","13/06/1959","M","DEM","PE","Agropecuarista e Médico-Veterinário","dep.carlosbatata@camara.gov.br"
"52","141336","CHARLES LUCENA","ANTONIO CHARLES LUCENA DE OLIVEIRA MELLO","23/06/1967","M","PTB","PE","Médico, Empresário, Educador e Político.","dep.charleslucena@camara.gov.br"
"52","74016","COSTA FERREIRA","ANTONIO DA CONCEICAO COSTA FERREIRA","28/07/1939","M","PSC","MA","Advogado, Torneiro Mecânico e Professor","dep.costaferreira@camara.gov.br"
"52","73445","DELFIM NETTO","ANTONIO DELFIM NETTO","01/05/1928","M","PMDB","SP","Economista e Professor","dep.delfimnetto@camara.gov.br"
"52","74452","ANTONIO CAMBRAIA","ANTONIO ELBANO CAMBRAIA","01/08/1942","M","PSDB","CE","Economista, Professor Universitário e Administrador Público","dep.antoniocambraia@camara.gov.br"
"52","73817","ANTONIO CRUZ","ANTONIO FERREIRA DA CRUZ FILHO","05/12/1949","M","PP","MS","Médico","dep.antoniocruz@camara.gov.br"
"52","74194","ANTONIO JOAQUIM","ANTONIO JOAQUIM ARAUJO FILHO","21/08/1940","M","PSDB","MA","Médico e Assistente social","dep.antoniojoaquim@camara.gov.br"
"52","74034","MORAES SOUZA","ANTONIO JOSE DE MORAES SOUZA","15/01/1937","M","PMDB","PI","INDUSTRIAL","dep.moraessouza@camara.gov.br"
"52","74300","MARCELO TEIXEIRA","ANTONIO MARCELO TEIXEIRA SOUSA","06/04/1957","M","PSDB","CE","Engenheiro Civil, Engenheiro Químico e Professor Universitário","dep.marceloteixeira@camara.gov.br"
"52","74483","MILTON CARDIAS","ANTONIO MILTON CARDIAS","05/05/1948","M","PTB","RS","

    ","dep.miltoncardias@camara.gov.br"
"52","73885","SERAFIM VENZON","ANTONIO SERAFIM VENZON","19/06/1953","M","PSDB","SC","Médico","dep.serafimvenzon@camara.gov.br"
"52","73652","TETE BEZERRA","APARECIDA MARIA BORGES BEZERRA","20/07/1957","F","PMDB","MT","Microempresária e Enfermeira","dep.tetebezerra@camara.gov.br"
"52","74648","ARACELY DE PAULA","ARACELY DE PAULA","03/05/1941","M","PR","MG","Advogado","dep.aracelydepaula@camara.gov.br"
"52","73433","ARLINDO CHINAGLIA","ARLINDO CHIGNALIA JUNIOR","24/12/1949","M","PT","SP","Médico","dep.arlindochinaglia@camara.gov.br"
"52","74405","ARMANDO ABILIO","ARMANDO ABILIO VIEIRA","29/12/1944","M","PTB","PB","Médico","dep.armandoabilio@camara.gov.br"
"52","73923","CORONEL ALVES","ARMANDO ALVES JUNIOR","02/09/1959","M","PR","AP","POLICIAL MILITAR","dep.coronelalves@camara.gov.br"
"52","74472","ARMANDO MONTEIRO","ARMANDO DE QUEIROZ MONTEIRO NETO","24/02/1952","M","PTB","PE","Empresário, Advogado e Administrador de Empresas","dep.armandomonteiro@camara.gov.br"
"52","73993","ARNALDO MADEIRA","ARNALDO DE ABREU MADEIRA","10/03/1940","M","PSDB","SP","Sociólogo, Professor Universitário e Administrador de Empresas","dep.arnaldomadeira@camara.gov.br"
"52","73434","ARNALDO FARIA DE SA","ARNALDO FARIA DE SA","30/12/1945","M","PTB","SP","Contabilista, Radialista, Professor e Advogado","dep.arnaldofariadesa@camara.gov.br"
"52","74833","AROLDE DE OLIVEIRA","AROLDE DE OLIVEIRA","11/03/1937","M","DEM","RJ","Engenheiro, Economista e Professor","dep.aroldedeoliveira@camara.gov.br"
"52","74534","AROLDO CEDRAZ","AROLDO CEDRAZ DE OLIVEIRA","26/02/1951","M","DEM","BA","Médico Veterinário, Professor Universitário e Agropecuarista","dep.aroldocedraz@camara.gov.br"
"52","73683","ARY VANAZZI","ARY JOSE VANAZZI","22/10/1958","M","PT","RS","Professor de ensino de primeiro e segundo graus","dep.aryvanazzi@camara.gov.br"
"52","73435","ARY KARA","ARY KARA JOSE","26/03/1942","M","PTB","SP","Advogado","dep.arykara@camara.gov.br"
"52","74222","ASDRUBAL BENTES","ASDRUBAL MENDES BENTES","27/07/1939","M","PMDB","PA","Advogado e Servidor Público","dep.asdrubalbentes@camara.gov.br"
"52","74378","ASSIS MIGUEL DO COUTO","ASSIS MIGUEL DO COUTO","17/10/1961","M","PT","PR","AGRICULTOR","dep.assismigueldocouto@camara.gov.br"
"52","74147","ATHOS AVELINO","ATHOS AVELINO PEREIRA","06/06/1951","M","PPS","MG","MEDICO","dep.athosavelino@camara.gov.br"
"52","74459","ATILA LIRA","ATILA FREITAS LIRA","07/04/1947","M","PSDB","PI","Administrador de Empresas e Economista","dep.atilalira@camara.gov.br"
"52","74090","ATILA LINS","ATILA SIDNEY LINS ALBUQUERQUE","22/11/1950","M","PMDB","AM","Bacharel em Direito, graduado pela Universidade Federal do Amazonas em 1.976; Advogado com inscrição na OAB/AM nº 1.000 ; Bacharel em Economia, graduado pela Universidade Federal do Amazonas em 1.986; Auditor Concursado do TCE/AM, 1.977","dep.atilalins@camara.gov.br"
"52","74312","B. SA","BENEDITO DE CARVALHO SA","27/12/1946","M","PSB","PI","Médico","dep.b.sa@camara.gov.br"
"52","74517","BENEDITO DE LIRA","BENEDITO DE LIRA","01/05/1942","M","PP","AL","ADVOGADO","dep.beneditodelira@camara.gov.br"
"52","74343","DR. BENEDITO DIAS","BENEDITO DIAS DE CARVALHO","01/12/1957","M","PP","AP","Médico e Empresário","dep.dr.beneditodias@camara.gov.br"
"52","74040","BENJAMIN MARANHAO","BENJAMIN GOMES MARANHAO NETO","30/11/1971","M","PMDB","PB","Cirurgião-Dentista","dep.benjaminmaranhao@camara.gov.br"
"52","73464","OLIVEIRA FILHO","BERNARDINO BARRETO DE OLIVEIRA","15/04/1957","M","PR","PR","

    ","dep.oliveirafilho@camara.gov.br"
"52","74169","BERNARDO ARISTON","BERNARDO RAMOS ARISTON","25/09/1969","M","PMDB","RJ","BACHAREL EM DIREITO E RADIALISTA","dep.bernardoariston@camara.gov.br"
"52","74030","BISMARCK MAIA","BISMARCK COSTA LIMA PINHEIRO MAIA","31/07/1957","M","PSDB","CE","LEILOEIRO, AVALIADOR E ASSEMELHADOS","dep.bismarckmaia@camara.gov.br"
"52","74650","BONIFACIO DE ANDRADA","BONIFACIO JOSE TAMM DE ANDRADA","14/05/1930","M","PSDB","MG","ADVOGADO E PROFESSOR UNIVERSITÁRIO","dep.bonifaciodeandrada@camara.gov.br"
"52","73469","CARLITO MERSS","CARLITO MERSS","16/09/1955","M","PT","SC","Professor e Industriário","dep.carlitomerss@camara.gov.br"
"52","141331","CARLOS LAPA","CARLOS ADILSON PINTO LAPA","07/12/1944","M","PSB","PE","

    ","dep.carloslapa@camara.gov.br"
"52","73934","CARLOS SOUZA","CARLOS ALBERTO CAVALCANTE DE SOUZA","17/08/1952","M","PP","AM","Biólogo, Professor, Radialista","dep.carlossouza@camara.gov.br"
"52","74321","BETINHO ROSADO","CARLOS ALBERTO DE SOUSA ROSADO","23/12/1948","M","DEM","RN","Professor Universitário, Engenheiro Agrônomo e Economista","dep.betinhorosado@camara.gov.br"
"52","74290","CARLOS ALBERTO LEREIA","CARLOS ALBERTO LEREIA DA SILVA","19/06/1961","M","PSDB","GO","Radialista","dep.carlosalbertolereia@camara.gov.br"
"52","74676","CARLOS RODRIGUES","CARLOS ALBERTO RODRIGUES PINTO","04/10/1957","M","PL","RJ","Radialista e Pastor Evangélico","dep.carlosrodrigues@camara.gov.br"
"52","74285","CARLOS ABICALIL","CARLOS AUGUSTO ABICALIL","23/01/1962","M","PT","MT","Professor de Educação Básica.","dep.carlosabicalil@camara.gov.br"
"52","74835","CARLOS SANTANA","CARLOS AUGUSTO ALVES SANTANA","25/05/1961","M","PT","RJ","Metalúrgico e Ferroviário","dep.carlossantana@camara.gov.br"
"52","74195","CESAR BANDEIRA","CARLOS CESAR BRANCO BANDEIRA","02/05/1946","M","S.PART.","MA","Engenheiro Civil e Empresário","dep.cesarbandeira@camara.gov.br"
"52","74651","CARLOS MELLES","CARLOS DO CARMO ANDRADE MELLES","11/03/1947","M","DEM","MG","Engenheiro Agrônomo e Empresário","dep.carlosmelles@camara.gov.br"
"52","74484","CARLOS MOTA","CARLOS DOMINGOS MOTA COELHO","04/04/1955","M","PSB","MG","Procurador Federal","dep.carlosmota@camara.gov.br"
"52","74474","CARLOS EDUARDO CADOCA","CARLOS EDUARDO CINTRA DA COSTA PEREIRA","23/04/1940","M","PMDB","PE","Advogado","dep.carloseduardocadoca@camara.gov.br"
"52","73945","EDUARDO GOMES","CARLOS EDUARDO TORRES GOMES","28/04/1966","M","PSDB","TO","SERVIDOR PUBLICO ESTADUAL","dep.eduardogomes@camara.gov.br"
"52","73471","FERNANDO CORUJA","CARLOS FERNANDO CORUJA AGUSTINI","04/12/1954","M","PPS","SC","Médico Advogado e Professor.","dep.fernandocoruja@camara.gov.br"
"52","137578","FRED KOHLER","CARLOS FREDERICO KOHLER","08/06/1963","M","PMDB","RJ","

    ","dep.fredkohler@camara.gov.br"
"52","73825","CARLOS NADER","CARLOS FREDERICO THEODORO NADER","21/09/1965","M","PR","RJ","Advogado - Empresário.","dep.carlosnader@camara.gov.br"
"52","74262","CARLOS SAMPAIO","CARLOS HENRIQUE FOCESI SAMPAIO","31/03/1963","M","PSDB","SP","Promotor de Justiça.","dep.carlossampaio@camara.gov.br"
"52","74163","MANATO","CARLOS HUMBERTO MANNATO","07/08/1957","M","PDT","ES","MEDICO","dep.manato@camara.gov.br"
"52","74466","CARLOS DUNGA","CARLOS MARQUES DUNGA","07/12/1945","M","PTB","PB","Advogado, Professor e Pecuarista","dep.carlosdunga@camara.gov.br"
"52","73588","MAURO BENEVIDES","CARLOS MAURO CABRAL BENEVIDES","21/03/1930","M","PMDB","CE","ADVOGADO, PROFESSOR, ADMINISTRADOR E

JORNALISTA","dep.maurobenevides@camara.gov.br"
"52","74148","CARLOS WILLIAN","CARLOS WILLIAN DE SOUZA","01/08/1956","M","PTC","MG","ADVOGADO","dep.carloswillian@camara.gov.br"
"52","74799","CELCITA PINHEIRO","CELCITA ROSA PINHEIRO DA SILVA","22/12/1943","F","DEM","MT","Professora","dep.celcitapinheiro@camara.gov.br"
"52","73441","CELSO RUSSOMANNO","CELSO UBIRAJARA RUSSOMANNO","20/08/1956","M","PP","SP","Apresentador de Televisão, Repórter e Bacharel em Direito","dep.celsorussomanno@camara.gov.br"
"52","74379","CEZAR SILVESTRI","CEZAR AUGUSTO CAROLLO SILVESTRI","01/08/1954","M","PPS","PR","ENGENHEIRO","dep.cezarsilvestri@camara.gov.br"
"52","73480","CEZAR SCHIRMER","CEZAR AUGUSTO SCHIRMER","23/02/1952","M","PMDB","RS","Advogado e Professor Universitário","dep.cezarschirmer@camara.gov.br"
"52","74313","CIRO NOGUEIRA","CIRO NOGUEIRA LIMA FILHO","21/11/1968","M","PP","PI","Advogado e Empresário","dep.cironogueira@camara.gov.br"
"52","74381","DRA. CLAIR","CLAIR DA FLORA MARTINS","10/07/1945","F","PT","PR","Advogada","dep.dra.clair@camara.gov.br"
"52","74391","VIGNATTI","CLAUDIO ANTONIO VIGNATTI","02/02/1967","M","PT","SC","SERVIDOR PUBLICO MUNICIPAL","dep.vignatti@camara.gov.br"
"52","74537","CLAUDIO CAJADO","CLAUDIO CAJADO SAMPAIO","01/12/1963","M","DEM","BA","Advogado","dep.claudiocajado@camara.gov.br"
"52","141057","CLAUDIO DIAZ","CLAUDIO CASTANHEIRA DIAZ","03/10/1953","M","PSDB","RS","Veterinário","dep.claudiodiaz@camara.gov.br"
"52","74263","CLAUDIO MAGRAO","CLAUDIO MAGRAO DE CAMARGO CRE","06/07/1951","M","PPS","SP","ENCANADOR,SOLDADOR,CHAPEADOR,CALDEIREIRO,MONTADOR DE ESTRUTURA METALIC","dep.claudiomagrao@camara.gov.br"
"52","74578","CLEUBER CARNEIRO","CLEUBER BRANDAO CARNEIRO","27/01/1940","M","PTB","MG","

    ","dep.cleubercarneiro@camara.gov.br"
"52","74026","CLOVIS FECURY","CLOVIS ANTONIO CHAVES FECURY","08/02/1969","M","DEM","MA","Engenheiro Civil","dep.clovisfecury@camara.gov.br"
"52","141334","CLOVIS CORREA","CLOVIS CORREA DE OLIVEIRA ANDRADE FILHO","06/05/1944","M","PSB","PE","

    ","dep.cloviscorrea@camara.gov.br"
"52","74230","COLBERT MARTINS","COLBERT MARTINS DA SILVA FILHO","02/10/1952","M","PMDB","BA","Médico","dep.colbertmartins@camara.gov.br"
"52","74097","CONFUCIO MOURA","CONFUCIO AIRES MOURA","16/05/1948","M","PMDB","RO","Médico, Pecuarista e Professor","dep.confuciomoura@camara.gov.br"
"52","74538","CORIOLANO SALES","CORIOLANO SOUSA SALES","01/08/1943","M","DEM","BA","Advogado","dep.coriolanosales@camara.gov.br"
"52","74579","CUSTODIO MATTOS","CUSTODIO ANTONIO DE MATTOS","03/04/1948","M","PSDB","MG","Servidor Público Aposentado","dep.custodiomattos@camara.gov.br"
"52","74467","DAMIAO FELICIANO","DAMIAO FELICIANO DA SILVA","28/04/1952","M","PP","PB","Médico, Empresário e Radialista","dep.damiaofeliciano@camara.gov.br"
"52","74060","DANIEL ALMEIDA","DANIEL GOMES DE ALMEIDA","21/01/1955","M","PCdoB","BA","Industriário","dep.danielalmeida@camara.gov.br"
"52","74654","DANILO DE CASTRO","DANILO DE CASTRO","05/03/1945","M","PSDB","MG","Bancário","dep.danilodecastro@camara.gov.br"
"52","74187","DARCI COELHO","DARCI MARTINS COELHO","17/01/1940","M","PP","TO","Advogado e Professor Universitário","dep.darcicoelho@camara.gov.br"
"52","73486","POMPEO DE MATTOS","DARCI POMPEO DE MATTOS","12/07/1958","M","PDT","RS","Advogado e Bancário","dep.pompeodemattos@camara.gov.br"
"52","73891","DARCISIO PERONDI","DARCISIO PAULO PERONDI","02/04/1947","M","PMDB","RS","Médico","dep.darcisioperondi@camara.gov.br"
"52","73935","HUMBERTO MICHILES","DARCY HUMBERTO MICHILES","14/12/1952","M","PR","AM","SECURITARIO","dep.humbertomichiles@camara.gov.br"
"52","73924","DAVI ALCOLUMBRE","DAVID SAMUEL ALCOLUMBRE TOBELEM","19/06/1977","M","DEM","AP","COMERCIANTE","dep.davialcolumbre@camara.gov.br"
"52","74252","JUIZA DENISE FROSSARD","DENISE FROSSARD LOSCHI","06/10/1950","F","PPS","RJ","PROFESSOR DE ENSINO SUPERIOR","dep.juizadenisefrossard@camara.gov.br"
"52","73704","DERVAL DE PAIVA","DERVAL BATISTA DE PAIVA","24/06/1942","M","PMDB","TO","Advogado, Pecuarista","dep.dervaldepaiva@camara.gov.br"
"52","74264","DEVANIR RIBEIRO","DEVANIR RIBEIRO","02/02/1944","M","PT","SP","APOSENTADO (EXCETO SERVIDOR PUBLICO)","dep.devanirribeiro@camara.gov.br"
"52","73768","DILCEU SPERAFICO","DILCEU JOAO SPERAFICO","26/01/1948","M","PP","PR","Industrial, Bacharel em Direito, Filósofo e Agropecuarista","dep.dilceusperafico@camara.gov.br"
"52","134893","VITORASSI","DILTO VITORASSI","11/07/1959","M","PT","PR","

    ","dep.vitorassi@camara.gov.br"
"52","74265","DIMAS RAMALHO","DIMAS EDUARDO RAMALHO","13/08/1954","M","PPS","SP","MEMBRO DO MINISTERIO PUBLICO","dep.dimasramalho@camara.gov.br"
"52","74266","DURVAL ORLATO","DURVAL LOPES ORLATO","21/04/1964","M","PT","SP","OUTROS","dep.durvalorlato@camara.gov.br"
"52","133375","EDINHO MONTEMOR","EDGARD MONTEMOR FERNANDES","07/06/1956","M","PSB","SP","Advogado","dep.edinhomontemor@camara.gov.br"
"52","73942","JUNIOR BETAO","EDILBERTO AFONSO DE MORAIS JUNIOR","10/03/1977","M","PR","AC","COMERCIANTE","dep.juniorbetao@camara.gov.br"
"52","73599","EDIR OLIVEIRA","EDIR PEDRO DE OLIVEIRA","03/02/1950","M","PTB","RS","Radialista","dep.ediroliveira@camara.gov.br"
"52","73794","EDISON ANDRINO","EDISON ADRIAO ANDRINO DE OLIVEIRA","18/12/1945","M","PMDB","SC","Empresário e Bacharel em Direito","dep.edisonandrino@camara.gov.br"
"52","74580","EDMAR MOREIRA","EDMAR BATISTA MOREIRA","25/09/1939","M","DEM","MG","Empresário e Produtor Rural","dep.edmarmoreira@camara.gov.br"
"52","73827","EDMUNDO GALDINO","EDMUNDO GALDINO DA SILVA","28/10/1958","M","PDT","TO","Agropecuarista.","dep.edmundogaldino@camara.gov.br"
"52","74267","EDNA MACEDO","EDNA BEZERRA SAMPAIO FERNANDES","01/04/1948","F","PTB","SP","

    ","dep.ednamacedo@camara.gov.br"
"52","73793","EDINHO BEZ","EDSON BEZ DE OLIVEIRA","06/03/1950","M","PMDB","SC","Contador e Bancário","dep.edinhobez@camara.gov.br"
"52","74838","EDSON EZEQUIEL","EDSON EZEQUIEL DE MATOS","13/07/1945","M","PMDB","RJ","Engenheiro e Professor  Universitário","dep.edsonezequiel@camara.gov.br"
"52","74061","EDSON DUARTE","EDSON GONCALVES DUARTE","02/11/1965","M","PV","BA","Técnico em Agropecuária e Pedagogo","dep.edsonduarte@camara.gov.br"
"52","74173","EDUARDO CUNHA","EDUARDO COSENTINO DA CUNHA","29/09/1958","M","PMDB","RJ","ECONOMISTA","dep.eduardocunha@camara.gov.br"
"52","74683","EDUARDO PAES","EDUARDO DA COSTA PAES","14/11/1969","M","PSDB","RJ","Bacharel em Direito","dep.eduardopaes@camara.gov.br"
"52","74382","EDUARDO SCIARRA","EDUARDO FRANCISCO SCIARRA","05/10/1952","M","DEM","PR","ENGENHEIRO","dep.eduardosciarra@camara.gov.br"
"52","74416","EDUARDO CAMPOS","EDUARDO HENRIQUE ACCIOLY CAMPOS","10/08/1965","M","PSB","PE","Economista","dep.eduardocampos@camara.gov.br"
"52","74655","EDUARDO BARBOSA","EDUARDO LUIZ BARROS BARBOSA","25/08/1958","M","PSDB","MG","Médico","dep.eduardobarbosa@camara.gov.br"
"52","74344","EDUARDO SEABRA","EDUARDO SEABRA DA COSTA","15/09/1951","M","PTB","AP","Professor","dep.eduardoseabra@camara.gov.br"
"52","73938","EDUARDO VALVERDE","EDUARDO VALVERDE ARAUJO ALVES","20/02/1957","M","PT","RO","SERVIDOR PUBLICO FEDERAL","dep.eduardovalverde@camara.gov.br"
"52","74494","VADINHO BAIAO","EDVALDO BAIAO ALBINO","07/03/1959","M","PT","MG","Tecnólogo em Cooperativismo","dep.vadinhobaiao@camara.gov.br"
"52","74174","ELAINE COSTA","ELANI CARVALHO COSTA","12/05/1959","F","PTB","RJ","PROFESSOR DE ENSINO DE PRIMEIRO E SEGUNDO GRAUS","dep.elainecosta@camara.gov.br"
"52","74268","ELIMAR MAXIMO DAMASCENO","ELIMAR MAXIMO DAMASCENO","17/02/1951","M","PR","SP","MEDICO","dep.elimarmaximodamasceno@camara.gov.br"
"52","74198","ELISEU MOURA","ELISEU BARROSO DE CARVALHO MOURA","04/12/1952","M","PP","MA","Engenheiro Civil e Pecuarista","dep.eliseumoura@camara.gov.br"
"52","73892","ELISEU PADILHA","ELISEU LEMOS PADILHA","23/12/1945","M","PMDB","RS","ADVOGADO","dep.eliseupadilha@camara.gov.br"
"52","74657","ELISEU RESENDE","ELISEU RESENDE","07/02/1929","M","DEM","MG","Engenheiro Civil","dep.eliseuresende@camara.gov.br"
"52","74269","ENEAS","ENEAS FERREIRA CARNEIRO","05/11/1938","M","PR","SP","MEDICO","dep.eneas@camara.gov.br"
"52","74402","ENIO TATICO","ENIO CESAR CESILIO","27/03/1964","M","PTB","GO","Empresário","dep.eniotatico@camara.gov.br"
"52","73893","ENIO BACCI","ENIO EGON BERGMANN BACCI","19/09/1958","M","PDT","RS","Advogado","dep.eniobacci@camara.gov.br"
"52","74408","ENIVALDO RIBEIRO","ENIVALDO RIBEIRO","26/03/1935","M","PP","PB","Advogado e Empresário","dep.enivaldoribeiro@camara.gov.br"
"52","74393","ERICO RIBEIRO","ERICO DA SILVA RIBEIRO","27/12/1935","M","PP","RS","Engenheiro Civil e Empresário.","dep.ericoribeiro@camara.gov.br"
"52","73564","VADAO GOMES","ETIVALDO VADAO GOMES","19/04/1957","M","PP","SP","Empresário e Pecuarista","dep.vadaogomes@camara.gov.br"
"52","74454","EUNICIO OLIVEIRA","EUNICIO LOPES DE OLIVEIRA","30/09/1952","M","PMDB","CE","Empresário e Agropecuarista","dep.euniciooliveira@camara.gov.br"
"52","73545","LUCIANO ZICA","EUSTAQUIO LUCIANO ZICA","07/01/1951","M","PT","SP","APOSENTADO (EXCETO SERVIDOR PUBLICO)","dep.lucianozica@camara.gov.br"
"52","74345","EVANDRO MILHOMEN","EVANDRO COSTA MILHOMEN","21/04/1962","M","PCdoB","AP","Sociólogo","dep.evandromilhomen@camara.gov.br"
"52","74705","DR. EVILASIO","EVILASIO CAVALCANTE DE FARIAS","06/02/1952","M","PSB","SP","Médico","dep.dr.evilasio@camara.gov.br"
"52","74062","FABIO SOUTO","FABIO LOUREIRO SOUTO","18/01/1973","M","DEM","BA","Economista","dep.fabiosouto@camara.gov.br"
"52","74542","FELIX MENDONCA","FELIX DE ALMEIDA MENDONCA","23/03/1928","M","DEM","BA","Engenheiro Civil e Construtor","dep.felixmendonca@camara.gov.br"
"52","74658","FERNANDO DINIZ","FERNANDO ALBERTO DINIZ","03/02/1954","M","PMDB","MG","Empresário","dep.fernandodiniz@camara.gov.br"
"52","74842","FERNANDO GONCALVES","FERNANDO ANTONIO FOLGADO GONCALVES","06/12/1955","M","PTB","RJ","Médico","dep.fernandogoncalves@camara.gov.br"
"52","141344","FERNANDO CHUCRE","FERNANDO BARRANCOS CHUCRE","02/08/1966","M","PSDB","SP","ARQUITETO, URBANISTA, EMPRESÁRIO","dep.fernandochucre@camara.gov.br"
"52","74417","FERNANDO FERRO","FERNANDO DANTAS FERRO","05/09/1951","M","PT","PE","Engenheiro Elétrico","dep.fernandoferro@camara.gov.br"
"52","74843","FERNANDO LOPES","FERNANDO LOPES DE ALMEIDA","03/12/1946","M","PMDB","RJ","Professor e Economista","dep.fernandolopes@camara.gov.br"
"52","74383","GIACOBO","FERNANDO LUCIO GIACOBO","17/12/1970","M","PR","PR","Empresário","dep.giacobo@camara.gov.br"
"52","74841","FERNANDO GABEIRA","FERNANDO PAULO NAGLE GABEIRA","17/02/1941","M","PV","RJ","Jornalista","dep.fernandogabeira@camara.gov.br"
"52","136377","FERNANDO ESTIMA","FERNANDO RICARDO GALBIATI ESTIMA","13/01/1978","M","S.PART.","SP","Empresário","dep.fernandoestima@camara.gov.br"
"52","74487","FERNANDO WILLIAM","FERNANDO WILLIAM FERREIRA","15/05/1954","M","PSB","RJ","

    ","dep.fernandowilliam@camara.gov.br"
"52","73459","DR. ROSINHA","FLORISVALDO FIER","12/11/1950","M","PT","PR","Médico e Servidor Público","dep.dr.rosinha@camara.gov.br"
"52","74033","FRANCISCA TRINDADE","FRANCISCA DAS CHAGAS DA TRINDADE","26/03/1966","F","PT","PI","PROFESSOR DE ENSINO DE PRIMEIRO E SEGUNDO GRAUS","dep.franciscatrindade@camara.gov.br"
"52","74451","ALMEIDA DE JESUS","FRANCISCO ALMEIDA LIMA","08/01/1959","M","PR","CE","Servidor Público","dep.almeidadejesus@camara.gov.br"
"52","73595","CHICO SARDELLI","FRANCISCO ANTONIO SARDELLI","26/06/1956","M","PV","SP","Empresário Textil","dep.chicosardelli@camara.gov.br"
"52","74103","ARIOSTO HOLANDA","FRANCISCO ARIOSTO HOLANDA","11/10/1938","M","PSB","CE","Professor Universitário e Engenheiro Civil","dep.ariostoholanda@camara.gov.br"
"52","74181","CHICAO BRIGIDO","FRANCISCO BRIGIDO DA COSTA","09/03/1958","M","PMDB","AC","

    ","dep.chicaobrigido@camara.gov.br"
"52","73981","FRANCISCO RODRIGUES","FRANCISCO DE ASSIS RODRIGUES","23/04/1951","M","DEM","RR","Engenheiro Agrônomo","dep.franciscorodrigues@camara.gov.br"
"52","74355","FRANCISCO GARCIA","FRANCISCO GARCIA RODRIGUES","30/12/1948","M","PP","AM","Empresário e Médico","dep.franciscogarcia@camara.gov.br"
"52","74150","DR. FRANCISCO GONCALVES","FRANCISCO GONCALVES FILHO","29/12/1947","M","PPS","MG","MEDICO","dep.dr.franciscogoncalves@camara.gov.br"
"52","74797","XICO GRAZIANO","FRANCISCO GRAZIANO NETO","15/01/1953","M","PSDB","SP","Engenheiro Agrônomo, Professor Universitário e Agricultor","dep.xicograziano@camara.gov.br"
"52","137983","FRANCISCO ESCORCIO","FRANCISCO LUIZ ESCORCIO LIMA","18/07/1949","M","PMDB","MA","Empresário","dep.franciscoescorcio@camara.gov.br"
"52","74278","MARCELO ORTIZ","FRANCISCO MARCELO ORTIZ FILHO","26/12/1934","M","PV","SP","ADVOGADO","dep.marceloortiz@camara.gov.br"
"52","74000","CHICO DA PRINCESA","FRANCISCO OCTAVIO BECKERT","14/07/1954","M","PR","PR","Contador","dep.chicodaprincesa@camara.gov.br"
"52","74046","PASTOR FRANCISCO OLIMPIO","FRANCISCO OLIMPIO DA SILVA","14/05/1946","M","PSB","PE","SACERDOTE OU MEMBRO DE ORDEM OU SEITA RELIGIOSA","dep.pastorfranciscoolimpio@camara.gov.br"
"52","74844","FRANCISCO DORNELLES","FRANCISCO OSWALDO NEVES DORNELLES","07/01/1935","M","PP","RJ","Procurador da Fazenda Nacional e Professor da Universidade Federal do Rio de Janeiro e da Fundação Getúlio Vargas.","dep.franciscodornelles@camara.gov.br"
"52","74304","PINHEIRO LANDIM","FRANCISCO PINHEIRO LANDIM","20/11/1943","M","S.PART.","CE","Empresário","dep.pinheirolandim@camara.gov.br"
"52","74171","CHICO ALENCAR","FRANCISCO RODRIGUES DE ALENCAR FILHO","19/10/1949","M","PSOL","RJ","PROFESSOR DE ENSINO SUPERIOR","dep.chicoalencar@camara.gov.br"
"52","74306","ROMMEL FEIJO","FRANCISCO ROMMEL FEIJO DE SA","08/02/1953","M","PTB","CE","Médico e Administrador Hospitalar","dep.rommelfeijo@camara.gov.br"
"52","74394","FRANCISCO TURRA","FRANCISCO SERGIO TURRA","16/09/1942","M","PP","RS","ADVOGADO","dep.franciscoturra@camara.gov.br"
"52","73921","PASTOR FRANKEMBERGEN","FRANKEMBERGEN GALVAO DA COSTA","30/04/1962","M","PTB","RR","Ministro Evangélico","dep.pastorfrankembergen@camara.gov.br"
"52","74200","GASTAO VIEIRA","GASTAO DIAS VIEIRA","15/06/1946","M","PMDB","MA","Advogado","dep.gastaovieira@camara.gov.br"
"52","74544","GEDDEL VIEIRA LIMA","GEDDEL QUADROS VIEIRA LIMA","18/03/1959","M","PMDB","BA","Administrador de Empresas, Pecuarista e Cacauicultor","dep.geddelvieiralima@camara.gov.br"
"52","74374","GERALDO RESENDE","GERALDO RESENDE PEREIRA","20/04/1955","M","PPS","MS","MEDICO","dep.geraldoresende@camara.gov.br"
"52","74151","GERALDO THADEU","GERALDO THADEU PEDREIRA DOS SANTOS","26/10/1945","M","PPS","MG","ODONTOLOGO","dep.geraldothadeu@camara.gov.br"
"52","74567","GERSON GABRIELLI","GERSON SILVA GABRIELLI","21/08/1949","M","DEM","BA","Empresário","dep.gersongabrielli@camara.gov.br"
"52","74066","GERVASIO OLIVEIRA","GERVASIO AUGUSTO DE OLIVEIRA","09/06/1957","M","PMDB","AP","ADVOGADO","dep.gervasiooliveira@camara.gov.br"
"52","73472","GERVASIO SILVA","GERVASIO JOSE DA SILVA","24/05/1955","M","DEM","SC","Empresário, Contador e Corretor de Imóveis","dep.gervasiosilva@camara.gov.br"
"52","74778","GILBERTO KASSAB","GILBERTO KASSAB","12/08/1960","M","DEM","SP","Engenheiro Civil , Economista e Corretor de Imóveis.","dep.gilbertokassab@camara.gov.br"
"52","74270","GILBERTO NASCIMENTO","GILBERTO NASCIMENTO SILVA","09/07/1956","M","PMDB","SP","Advogado e Delegado de Polícia","dep.gilbertonascimento@camara.gov.br"
"52","74581","GILMAR MACHADO","GILMAR ALVES MACHADO","06/11/1961","M","PT","MG","Professor de História","dep.gilmarmachado@camara.gov.br"
"52","74558","GIVALDO CARIMBAO","GIVALDO DE SA GOUVEIA","14/10/1957","M","PSB","AL","Comerciante e Gráfico","dep.givaldocarimbao@camara.gov.br"
"52","74139","GUILHERME MENEZES","GUILHERME MENEZES DE ANDRADE","12/12/1943","M","PT","BA","MEDICO","dep.guilhermemenezes@camara.gov.br"
"52","73460","GUSTAVO FRUET","GUSTAVO BONATO FRUET","18/04/1963","M","PSDB","PR","Advogado","dep.gustavofruet@camara.gov.br"
"52","74489","HAMILTON CASARA","HAMILTON NOBRE CASARA","11/03/1959","M","PSDB","RO","Engenheiro Agrônomo","dep.hamiltoncasara@camara.gov.br"
"52","74680","DR. HELENO","HELENO AUGUSTO DE LIMA","25/04/1940","M","PSC","RJ","Advogado e Contador","dep.dr.heleno@camara.gov.br"
"52","73925","HELIO ESTEVES","HELIO BORGES DE SOUSA ESTEVES FILHO","01/02/1955","M","PT","AP","ENGENHEIRO","dep.helioesteves@camara.gov.br"
"52","74779","DR. HELIO","HELIO DE OLIVEIRA SANTOS","06/09/1950","M","PDT","SP","Médico e Professor Universitário","dep.dr.helio@camara.gov.br"
"52","73940","HENRIQUE AFONSO","HENRIQUE AFONSO SOARES LIMA","03/12/1964","M","PT","AC","PROFESSOR DE ENSINO DE PRIMEIRO E SEGUNDO GRAUS","dep.henriqueafonso@camara.gov.br"
"52","133999","HENRIQUE MEIRELLES","HENRIQUE DE CAMPOS MEIRELLES","31/08/1945","M","PSDB","GO","BANCARIO E ECONOMIARIO","dep.henriquemeirelles@camara.gov.br"
"52","74324","HENRIQUE EDUARDO ALVES","HENRIQUE EDUARDO LYRA ALVES","09/12/1948","M","PMDB","RN","Bacharel em Direito","dep.henriqueeduardoalves@camara.gov.br"
"52","73482","HENRIQUE FONTANA","HENRIQUE FONTANA JUNIOR","18/01/1960","M","PT","RS","Médico e Administrador de Empresas","dep.henriquefontana@camara.gov.br"
"52","74660","HERCULANO ANGHINETTI","HERCULANO ANGHINETTI","25/04/1960","M","PP","MG","Corretor de Seguros e Produtor Rural","dep.herculanoanghinetti@camara.gov.br"
"52","73772","HERMES PARCIANELLO","HERMES PARCIANELLO","25/04/1958","M","PMDB","PR","Contador","dep.hermesparcianello@camara.gov.br"
"52","74385","TAKAYAMA","HIDEKAZU TAKAYAMA","20/04/1948","M","PMDB","PR","Professor, Empresário e Ministro Evangélico","dep.takayama@camara.gov.br"
"52","74342","BADU PICANCO","HILDEMAR SOUZA DE AZEVEDO PICANCO","24/01/1963","M","PR","AP","Bacharel em Ciências Contábeis","dep.badupicanco@camara.gov.br"
"52","73946","HOMERO BARRETO","HOMERO SILVA BARRETO","03/12/1951","M","PTB","TO","Pecuarista","dep.homerobarreto@camara.gov.br"
"52","74780","IARA BERNARDI","IARA BERNARDI","02/06/1952","F","PT","SP","Professora","dep.iarabernardi@camara.gov.br"
"52","74325","IBERE FERREIRA","IBERE PAIVA FERREIRA DE SOUZA","27/02/1944","M","PSB","RN","Advogado","dep.ibereferreira@camara.gov.br"
"52","74663","IBRAHIM ABI-ACKEL","IBRAHIM ABI-ACKEL","02/03/1926","M","PP","MG","Advogado e Professor Universitário","dep.ibrahimabiackel@camara.gov.br"
"52","74480","FRANCISCO APPIO","IDIVAR FRANCISCO APPIO","24/11/1947","M","PP","RS","

    ","dep.franciscoappio@camara.gov.br"
"52","74271","ILDEU ARAUJO","ILDEU ALVES DE ARAUJO","22/03/1943","M","PP","SP","ADVOGADO","dep.ildeuaraujo@camara.gov.br"
"52","74295","INACIO ARRUDA","INACIO FRANCISCO DE ASSIS NUNES ARRUDA","05/05/1957","M","PCdoB","CE","Servidor Público e Eletrotécnico","dep.inacioarruda@camara.gov.br"
"52","74469","INALDO LEITAO","INALDO ROCHA LEITAO","04/11/1951","M","PR","PB","Advogado e Professor","dep.inaldoleitao@camara.gov.br"
"52","74421","INOCENCIO OLIVEIRA","INOCENCIO GOMES DE OLIVEIRA","21/10/1938","M","PR","PE","Médico","dep.inocenciooliveira@camara.gov.br"
"52","74280","PROFESSOR IRAPUAN TEIXEIRA","IRAPUAN TEIXEIRA","07/12/1948","M","PP","SP","PROFESSOR DE ENSINO SUPERIOR","dep.professorirapuanteixeira@camara.gov.br"
"52","74380","COLOMBO","IRINEU MARIO COLOMBO","22/01/1964","M","PT","PR","Professor","dep.colombo@camara.gov.br"
"52","138512","IRINEU RODRIGUES","IRINEU RODRIGUES","20/10/1954","M","PPS","PR","

    ","dep.irineurodrigues@camara.gov.br"
"52","74162","IRINY LOPES","IRINY NICOLAU CORRES LOPES","12/02/1956","F","PT","ES","OUTROS","dep.irinylopes@camara.gov.br"
"52","73461","IRIS SIMOES","IRIS XAVIER SIMOES","25/05/1961","M","PTB","PR","Locutor e Comentarista de Rádio e Televisão e Radialista","dep.irissimoes@camara.gov.br"
"52","74152","ISAIAS SILVESTRE","ISAIAS SILVESTRE","18/03/1948","M","PSB","MG","

    ","dep.isaiassilvestre@camara.gov.br"
"52","74846","ITAMAR SERPA","ITAMAR SERPA FERNANDES","03/07/1941","M","PSDB","RJ","Químico Industrial","dep.itamarserpa@camara.gov.br"
"52","74387","IVAN RANZOLIN","IVAN CESAR RANZOLIN","18/06/1939","M","DEM","SC","

    ","dep.ivanranzolin@camara.gov.br"
"52","73531","IVAN VALENTE","IVAN VALENTE","05/07/1946","M","PSOL","SP","Matemático e Engenheiro.","dep.ivanvalente@camara.gov.br"
"52","74153","IVO JOSE","IVO JOSE DA SILVA","01/07/1953","M","PT","MG","Técnico em Eletrônica e Telecomunicações","dep.ivojose@camara.gov.br"
"52","77701","JACKSON BARRETO","JACKSON BARRETO DE LIMA","06/05/1944","M","PTB","SE","ADVOGADO","dep.jacksonbarreto@camara.gov.br"
"52","73929","JADER BARBALHO","JADER FONTENELLE BARBALHO","27/10/1944","M","PMDB","PA","EMPRESARIO","dep.jaderbarbalho@camara.gov.br"
"52","74259","VIEIRA REIS","JAILDO VIEIRA REIS","06/07/1959","M","S.PART.","RJ","Radialista","dep.vieirareis@camara.gov.br"
"52","74665","JAIME MARTINS","JAIME MARTINS FILHO","17/06/1953","M","PR","MG","Empresário, Engenheiro e Advogado","dep.jaimemartins@camara.gov.br"
"52","133376","JAIR DE OLIVEIRA","JAIR DE OLIVEIRA","05/01/1952","M","PMDB","ES","Pastor Evangélico","dep.jairdeoliveira@camara.gov.br"
"52","74847","JAIR BOLSONARO","JAIR MESSIAS BOLSONARO","21/03/1955","M","PP","RJ","Militar","dep.jairbolsonaro@camara.gov.br"
"52","74547","JAIRO CARNEIRO","JAIRO ALFREDO OLIVEIRA CARNEIRO","28/03/1944","M","DEM","BA","Advogado e Professor","dep.jairocarneiro@camara.gov.br"
"52","74272","JAMIL MURAD","JAMIL MURAD","20/02/1943","M","PCdoB","SP","MEDICO","dep.jamilmurad@camara.gov.br"
"52","74848","JANDIRA FEGHALI","JANDIRA FEGHALI","17/05/1957","F","PCdoB","RJ","Médico, Músico","dep.jandirafeghali@camara.gov.br"
"52","73926","JANETE CAPIBERIBE","JANETE MARIA GOES CAPIBERIBE","12/05/1949","F","PSB","AP","

    ","dep.janetecapiberibe@camara.gov.br"
"52","74273","JEFFERSON CAMPOS","JEFFERSON ALVES DE CAMPOS","26/10/1964","M","PTB","SP","Ministro do Evangelho, Advogado, Tecnologo, Radialista, Bacharel em Teologia","dep.jeffersoncampos@camara.gov.br"
"52","73579","ALBERTO FRAGA","JOAO ALBERTO FRAGA SILVA","02/06/1956","M","DEM","DF","MILITAR","dep.albertofraga@camara.gov.br"
"52","73874","JOAO PIZZOLATTI","JOAO ALBERTO PIZZOLATTI JUNIOR","31/10/1961","M","PP","SC","Servidor Público e Engenheiro Civil","dep.joaopizzolatti@camara.gov.br"
"52","74031","JOAO ALFREDO","JOAO ALFREDO TELLES MELO","20/11/1958","M","PSOL","CE","ADVOGADO","dep.joaoalfredo@camara.gov.br"
"52","74549","JOAO ALMEIDA","JOAO ALMEIDA DOS SANTOS","23/05/1946","M","PSDB","BA","Geólogo","dep.joaoalmeida@camara.gov.br"
"52","73944","ZICO BRONZEADO","JOAO ANTONIO RODRIGUES BRONZEADO","15/10/1968","M","PT","AC","Agricultor, Comerciário, Técnico em Contabilidade e Seringueiro","dep.zicobronzeado@camara.gov.br"
"52","73889","AUGUSTO NARDES","JOAO AUGUSTO RIBEIRO NARDES","13/10/1952","M","PP","RS","Administrador de Empresas","dep.augustonardes@camara.gov.br"
"52","73454","JOAO GRANDAO","JOAO BATISTA DOS SANTOS","26/12/1959","M","PT","MS","Bancário, Professor e Advogado","dep.joaograndao@camara.gov.br"
"52","73873","JOAO MATOS","JOAO BATISTA MATOS","08/01/1948","M","PMDB","SC","Professor e Administrador de Empresas","dep.joaomatos@camara.gov.br"
"52","74349","BABA","JOAO BATISTA OLIVEIRA DE ARAUJO","31/10/1953","M","PSOL","PA","Professor Universitário e Engenheiro Mecânico","dep.baba@camara.gov.br"
"52","74261","JOAO BATISTA","JOAO BATISTA RAMOS DA SILVA","24/02/1944","M","PP","SP","ECONOMISTA","dep.joaobatista@camara.gov.br"
"52","74052","BOSCO COSTA","JOAO BOSCO DA COSTA","28/09/1950","M","PSDB","SE","Fazendeiro","dep.boscocosta@camara.gov.br"
"52","74559","JOAO CALDAS","JOAO CALDAS DA SILVA","24/06/1960","M","PR","AL","

    ","dep.joaocaldas@camara.gov.br"
"52","74366","JOAO CAMPOS","JOAO CAMPOS DE ARAUJO","28/12/1962","M","PSDB","GO","Delegado de Polícia","dep.joaocampos@camara.gov.br"
"52","74131","JOAO CARLOS BACELAR","JOAO CARLOS PAOLILO BACELAR","03/12/1941","M","PR","BA","Advogado e Industrial","dep.joaocarlosbacelar@camara.gov.br"
"52","74445","JOAO CASTELO","JOAO CASTELO RIBEIRO GONCALVES","19/10/1937","M","PSDB","MA","Empresário e Advogado","dep.joaocastelo@camara.gov.br"
"52","73941","JOAO CORREIA","JOAO CORREIA LIMA SOBRINHO","22/05/1953","M","PMDB","AC","PROFESSOR DE ENSINO SUPERIOR","dep.joaocorreia@camara.gov.br"
"52","73682","JOAO DADO","JOAO EDUARDO DADO LEITE DE CARVALHO","16/12/1954","M","PDT","SP","AGENTE FISCAL DE RENDAS","dep.joaodado@camara.gov.br"
"52","74550","JOAO LEAO","JOAO FELIPE DE SOUZA LEAO","27/02/1946","M","PP","BA","Empresário","dep.joaoleao@camara.gov.br"
"52","74054","JOAO FONTES","JOAO FONTES DE FARIA FERNANDES","01/06/1958","M","PDT","SE","ADVOGADO","dep.joaofontes@camara.gov.br"
"52","74781","JOAO HERRMANN NETO","JOAO HERRMANN NETO","07/03/1946","M","PDT","SP","Engenheiro Agrônomo","dep.joaoherrmannneto@camara.gov.br"
"52","74049","JOAO LYRA","JOAO JOSE PEREIRA DE LYRA","17/06/1931","M","PTB","AL","Advogado, Industrial","dep.joaolyra@camara.gov.br"
"52","74120","JOAO MAGALHAES","JOAO LUCIO MAGALHAES BIFANO","06/02/1960","M","PMDB","MG","Pecuarista e Cafeicultor","dep.joaomagalhaes@camara.gov.br"
"52","73572","JOAO MAGNO","JOAO MAGNO DE MOURA","05/08/1960","M","PT","MG","PROFESSOR , BANCÁRIO E CONSULTOR.","dep.joaomagno@camara.gov.br"
"52","74170","JOAO MENDES DE JESUS","JOAO MENDES DE JESUS","27/01/1953","M","S.PART.","RJ","ECONOMISTA","dep.joaomendesdejesus@camara.gov.br"
"52","74771","FEU ROSA","JOAO MIGUEL FEU ROSA","19/01/1947","M","PP","ES","Professor Universitário e Engenheiro","dep.feurosa@camara.gov.br"
"52","73534","JOAO PAULO CUNHA","JOAO PAULO CUNHA","06/06/1958","M","PT","SP","Metalúrgico","dep.joaopaulocunha@camara.gov.br"
"52","74154","JOAO PAULO GOMES DA SILVA","JOAO PAULO GOMES DA SILVA","05/08/1950","M","PSB","MG","ADVOGADO","dep.joaopaulogomesdasilva@camara.gov.br"
"52","74372","SANDES JUNIOR","JOAO SANDES JUNIOR","28/04/1959","M","PP","GO"," Radialista e Advogado","dep.sandesjunior@camara.gov.br"
"52","74240","JOAO TOTA","JOAO TOTA SOARES DE FIGUEIREDO","20/10/1940","M","PP","AC","Engenheiro Agrônomo","dep.joaotota@camara.gov.br"
"52","74477","JOAQUIM FRANCISCO","JOAQUIM FRANCISCO DE FREITAS CAVALCANTI","14/04/1948","M","DEM","PE","Advogado","dep.joaquimfrancisco@camara.gov.br"
"52","74490","WASHINGTON LUIZ","JOAQUIM WASHINGTON LUIZ DE OLIVEIRA","24/12/1949","M","PT","MA","Funcionário Público, Historiador.","dep.washingtonluiz@camara.gov.br"
"52","73575","JOEL DE HOLLANDA ","JOEL DE HOLLANDA CORDEIRO","01/04/1943","M","DEM","PE","ECONOMISTA","dep.joeldehollanda@camara.gov.br"
"52","74568","JONIVAL LUCAS JUNIOR","JONIVAL LUCAS DA SILVA JUNIOR","31/01/1967","M","PTB","BA","Economista","dep.jonivallucasjunior@camara.gov.br"
"52","73904","MENDES RIBEIRO FILHO","JORGE ALBERTO PORTANOVA MENDES RIBEIRO FILHO","27/12/1954","M","PMDB","RS","Advogado","dep.mendesribeirofilho@camara.gov.br"
"52","74563","JORGE ALBERTO","JORGE ALBERTO TELES PRADO","04/04/1953","M","PMDB","SE","Médico","dep.jorgealberto@camara.gov.br"
"52","74388","JORGE BOEIRA","JORGE CATARINO LEONARDELI BOEIRA","05/11/1955","M","PT","SC","Engenheiro Mecânico.","dep.jorgeboeira@camara.gov.br"
"52","73569","JORGE PINHEIRO","JORGE DOS REIS PINHEIRO","12/10/1966","M","PR","DF","Técnico Contabilidade, Estatística, Economia Doméstica e Administração","dep.jorgepinheiro@camara.gov.br"
"52","74495","JORGE GOMES","JORGE JOSE GOMES","03/03/1946","M","PSB","PE","Médico.","dep.jorgegomes@camara.gov.br"
"52","74552","JORGE KHOURY","JORGE KHOURY HEDAYE","16/02/1949","M","DEM","BA","Engenheiro Civil","dep.jorgekhoury@camara.gov.br"
"52","74384","SAMEK","JORGE MIGUEL SAMEK","16/05/1955","M","PT","PR","Empresário","dep.samek@camara.gov.br"
"52","74686","JORGE BITTAR","JORGE RICARDO BITTAR","25/10/1948","M","PT","RJ","Engenheiro Eletrônico","dep.jorgebittar@camara.gov.br"
"52","73535","JORGE TADEU MUDALEN","JORGE TADEU MUDALEN","03/01/1955","M","PMDB","SP","Engenheiro Civil","dep.jorgetadeumudalen@camara.gov.br"
"52","135476","JORGE VI","JORGE VI LAMENHA LINS","20/07/1961","M","PSC","AL","

    ","dep.jorgevi@camara.gov.br"
"52","73901","JOSE FORTUNATI","JOSE ALBERTO REUS FORTUNATI","24/10/1955","M","PDT","RS","

    ","dep.josefortunati@camara.gov.br"
"52","73428","ALDO REBELO","JOSE ALDO REBELO FIGUEIREDO","23/02/1956","M","PCdoB","SP","Jornalista e Redator","dep.aldorebelo@camara.gov.br"
"52","136811","AFONSO HAMM","JOSE ALFONSO EBERT HAMM","25/04/1962","M","PP","RS","Engenheiro Agrônomo","dep.afonsohamm@camara.gov.br"
"52","74554","JOSE ROCHA","JOSE ALVES ROCHA","18/08/1948","M","DEM","BA","Médico","dep.joserocha@camara.gov.br"
"52","73927","ANTONIO NOGUEIRA","JOSE ANTONIO NOGUEIRA DE SOUSA","28/04/1971","M","PT","AP","Professor","dep.antonionogueira@camara.gov.br"
"52","73542","DR. PINOTTI","JOSE ARISTODEMO PINOTTI","20/12/1934","M","DEM","SP","MEDICO","dep.dr.pinotti@camara.gov.br"
"52","74291","ARNON BEZERRA","JOSE ARNON CRUZ BEZERRA DE MENEZES","13/08/1951","M","PTB","CE","Médico","dep.arnonbezerra@camara.gov.br"
"52","74298","JOSE PIMENTEL","JOSE BARROSO PIMENTEL","16/10/1953","M","PT","CE","Bancário e Advogado","dep.josepimentel@camara.gov.br"
"52","74079","JOSE PRIANTE","JOSE BENITO PRIANTE JUNIOR","02/12/1963","M","PMDB","PA","Advogado","dep.josepriante@camara.gov.br"
"52","74553","JOSE CARLOS ALELUIA","JOSE CARLOS ALELUIA COSTA","09/12/1947","M","DEM","BA","Professor Universitário e Engenheiro Elétrico","dep.josecarlosaleluia@camara.gov.br"
"52","73462","JOSE CARLOS MARTINEZ","JOSE CARLOS DE CASTRO MARTINEZ","23/05/1948","M","PTB","PR","Administrador de Empresas","dep.josecarlosmartinez@camara.gov.br"
"52","74671","JOSE CARLOS ELIAS","JOSE CARLOS ELIAS","01/06/1954","M","PTB","ES","Bancário e Agricultor","dep.josecarloselias@camara.gov.br"
"52","74140","JOSE CARLOS ARAUJO","JOSE CARLOS LEAO DE ARAUJO","21/12/1944","M","PR","BA","Administrador.","dep.josecarlosaraujo@camara.gov.br"
"52","74055","JOSE CARLOS MACHADO","JOSE CARLOS MACHADO","17/01/1949","M","DEM","SE","Engenheiro Civil e Empresário","dep.josecarlosmachado@camara.gov.br"
"52","74149","CESAR MEDEIROS","JOSE CESAR DE MEDEIROS","13/02/1970","M","PT","MG","Professor","dep.cesarmedeiros@camara.gov.br"
"52","137116","CLAUDIO RORATO","JOSE CLAUDIO RORATO","20/04/1952","M","PMDB","PR","Advogado","dep.claudiororato@camara.gov.br"
"52","74527","CLEONANCIO FONSECA","JOSE CLEONANCIO DA FONSECA","14/12/1936","M","PP","SE","Agropecuarista e Citricultor","dep.cleonanciofonseca@camara.gov.br"
"52","73933","ZEQUINHA MARINHO","JOSE DA CRUZ MARINHO","18/09/1959","M","PMDB","PA","Técnico em Contabilidade e Pedagogo","dep.zequinhamarinho@camara.gov.br"
"52","74056","MENDONCA PRADO","JOSE DE ARAUJO MENDONCA SOBRINHO","14/10/1966","M","DEM","SE","ADVOGADO","dep.mendoncaprado@camara.gov.br"
"52","74027","DR. RIBAMAR ALVES","JOSE DE RIBAMAR COSTA ALVES","15/06/1954","M","PSB","MA","MEDICO","dep.dr.ribamaralves@camara.gov.br"
"52","74782","JOSE DIRCEU","JOSE DIRCEU DE OLIVEIRA E SILVA","16/03/1946","M","PT","SP","Advogado","dep.josedirceu@camara.gov.br"
"52","74175","JOSE DIVINO","JOSE DIVINO OLIVEIRA DE SOUZA","02/06/1964","M","S.PART.","RJ","

    ","dep.josedivino@camara.gov.br"
"52","74468","DOMICIANO CABRAL","JOSE DOMICIANO CABRAL","16/03/1955","M","PSDB","PB","Administrador de Empresas e Corretor de Imóveis","dep.domicianocabral@camara.gov.br"
"52","74184","RONIVON SANTIAGO","JOSE EDIMAR RONIVON SANTIAGO DE MELO","14/10/1950","M","PP","AC","PROFESSOR DE ENSINO DE PRIMEIRO E SEGUNDO GRAUS","dep.ronivonsantiago@camara.gov.br"
"52","74274","JOSE EDUARDO CARDOZO","JOSE EDUARDO MARTINS CARDOZO","18/04/1959","M","PT","SP","ADVOGADO","dep.joseeduardocardozo@camara.gov.br"
"52","74145","ZEZEU RIBEIRO","JOSE EDUARDO VIEIRA RIBEIRO","21/11/1949","M","PT","BA","Arquiteto","dep.zezeuribeiro@camara.gov.br"
"52","74319","PAES LANDIM","JOSE FRANCISCO PAES LANDIM","23/03/1937","M","PTB","PI","Professor e Advogado","dep.paeslandim@camara.gov.br"
"52","74289","TATICO","JOSE FUSCALDI CESILIO","28/09/1940","M","PTB","DF","COMERCIANTE","dep.tatico@camara.gov.br"
"52","73931","ZE GERALDO","JOSE GERALDO TORRES DA SILVA","21/12/1961","M","PT","PA","Agricultor","dep.zegeraldo@camara.gov.br"
"52","74309","ZE GERARDO","JOSE GERARDO OLIVEIRA DE ARRUDA FILHO","30/04/1959","M","PMDB","CE","EMPRESARIO","dep.zegerardo@camara.gov.br"
"52","74225","NEIVA MOREIRA","JOSE GUIMARAES NEIVA MOREIRA","10/10/1917","M","PDT","MA","Jornalista","dep.neivamoreira@camara.gov.br"
"52","73582","HELENILDO RIBEIRO","JOSE HELENILDO RIBEIRO MONTEIRO","28/09/1946","M","PSDB","AL","Promotor de Justiça","dep.helenildoribeiro@camara.gov.br"
"52","74053","HELENO SILVA","JOSE HELENO DA SILVA","22/07/1967","M","PR","SE","Locutor, Pastor Evangélico, Técnico Agrícola","dep.helenosilva@camara.gov.br"
"52","74562","IVAN PAIXAO","JOSE IVAN DE CARVALHO PAIXAO","20/04/1952","M","PPS","SE","Médico","dep.ivanpaixao@camara.gov.br"
"52","74401","JOSE IVO SARTORI","JOSE IVO SARTORI","25/02/1948","M","PMDB","RS","PROFESSOR DE ENSINO SUPERIOR","dep.joseivosartori@camara.gov.br"
"52","74156","LEONARDO MONTEIRO","JOSE LEONARDO COSTA MONTEIRO","09/10/1951","M","PT","MG","Advogado","dep.leonardomonteiro@camara.gov.br"
"52","74299","LEONIDAS CRISTINO","JOSE LEONIDAS DE MENEZES CRISTINO","03/06/1957","M","PPS","CE","Engenheiro Civil.","dep.leonidascristino@camara.gov.br"
"52","73932","ZE LIMA","JOSE LIMA DA SILVA","31/10/1946","M","PP","PA","Comerciante","dep.zelima@camara.gov.br"
"52","74297","JOSE LINHARES","JOSE LINHARES PONTE","21/10/1930","M","PP","CE","Padre, Filósofo, Psicólogo, Professor, Pedagogo e Administrador","dep.joselinhares@camara.gov.br"
"52","73936","LUPERCIO RAMOS","JOSE LUPERCIO RAMOS DE OLIVEIRA","30/10/1950","M","PMDB","AM","JORNALISTA E REDATOR","dep.lupercioramos@camara.gov.br"
"52","73947","MAURICIO RABELO","JOSE MAURICIO RABELO","27/04/1960","M","PR","TO","Locutor e comentarista de rádio e televisão, radialista e empresário.","dep.mauriciorabelo@camara.gov.br"
"52","74425","JOSE MENDONCA BEZERRA","JOSE MENDONCA BEZERRA","18/01/1936","M","DEM","PE","Avicultor, Bacharel em Direito, Empresário e Pecuarista","dep.josemendoncabezerra@camara.gov.br"
"52","74275","JOSE MENTOR","JOSE MENTOR GUILHERME DE MELLO NETTO","30/09/1948","M","PT","SP","ADVOGADO","dep.josementor@camara.gov.br"
"52","74584","JOSE MILITAO","JOSE MILITAO COSTA","13/05/1942","M","PTB","MG","Servidor Público","dep.josemilitao@camara.gov.br"
"52","73776","JOSE JANENE","JOSE MOHAMED JANENE","12/09/1955","M","PP","PR","Empresário","dep.josejanene@camara.gov.br"
"52","74426","JOSE MUCIO MONTEIRO","JOSE MUCIO MONTEIRO FILHO","25/09/1948","M","PTB","PE","Engenheiro Civil","dep.josemuciomonteiro@camara.gov.br"
"52","74491","NAZARENO FONTELES","JOSE NAZARENO CARDEAL FONTELES","04/05/1954","M","PT","PI","Médico","dep.nazarenofonteles@camara.gov.br"
"52","74395","JOSE OTAVIO GERMANO","JOSE OTAVIO GERMANO","21/04/1962","M","PP","RS","ADVOGADO","dep.joseotaviogermano@camara.gov.br"
"52","74590","RAFAEL GUERRA","JOSE RAFAEL GUERRA PINTO COELHO","29/03/1943","M","PSDB","MG","Médico e Professor Universitário","dep.rafaelguerra@camara.gov.br"
"52","74488","JOSE RAJAO","JOSE RAJAO FILHO","25/10/1946","M","PSDB","DF","

    ","dep.joserajao@camara.gov.br"
"52","74166","RENATO CASAGRANDE","JOSE RENATO CASAGRANDE","03/12/1960","M","PSB","ES","Engenheiro Florestal e Advogado","dep.renatocasagrande@camara.gov.br"
"52","74287","JOSE ROBERTO ARRUDA","JOSE ROBERTO ARRUDA","05/01/1954","M","DEM","DF","ENGENHEIRO","dep.joserobertoarruda@camara.gov.br"
"52","141335","BETO FARO","JOSE ROBERTO OLIVEIRA FARO","20/06/1969","M","PT","PA","AGRICULTOR FAMILIAR","dep.betofaro@camara.gov.br"
"52","73775","JOSE BORBA","JOSE RODRIGUES BORBA","14/07/1949","M","PMDB","PR","Pecuarista e Comerciante","dep.joseborba@camara.gov.br"
"52","74741","JOSE SANTANA DE VASCONCELLOS","JOSE SANTANA DE VASCONCELLOS MOREIRA","10/04/1939","M","PR","MG","PECUARISTA","dep.josesantanadevasconcellos@camara.gov.br"
"52","74762","SARAIVA FELIPE","JOSE SARAIVA FELIPE","26/03/1952","M","PMDB","MG","Professor Universitário e Médico","dep.saraivafelipe@camara.gov.br"
"52","74210","SARNEY FILHO","JOSE SARNEY FILHO","14/06/1957","M","PV","MA","Advogado","dep.sarneyfilho@camara.gov.br"
"52","74423","JOSE CHAVES","JOSE SEVERIANO CHAVES","08/06/1942","M","PTB","PE","Engenheiro Civil e Empresário","dep.josechaves@camara.gov.br"
"52","74520","JOSE THOMAZ NONO","JOSE THOMAZ DA SILVA NONO NETTO","17/08/1947","M","DEM","AL","Advogado e Agricultor","dep.josethomaznono@camara.gov.br"
"52","74043","WELLINGTON ROBERTO","JOSE WELLINGTON ROBERTO","19/05/1959","M","PR","PB","Não informada","dep.wellingtonroberto@camara.gov.br"
"52","74044","WILSON SANTIAGO","JOSE WILSON SANTIAGO","10/06/1957","M","PMDB","PB","ADVOGADO","dep.wilsonsantiago@camara.gov.br"
"52","74141","JOSIAS GOMES","JOSIAS GOMES DA SILVA","14/10/1956","M","PT","BA","Agrônomo","dep.josiasgomes@camara.gov.br"
"52","74176","JOSIAS QUINTAL","JOSIAS QUINTAL DE OLIVEIRA","29/12/1947","M","PSB","RJ","POLICIAL MILITAR","dep.josiasquintal@camara.gov.br"
"52","74351","JOSUE BENGTSON","JOSUE BENGTSON","27/05/1944","M","PTB","PA","Pastor Evangélico","dep.josuebengtson@camara.gov.br"
"52","73666","JOVAIR ARANTES","JOVAIR DE OLIVEIRA ARANTES","04/06/1951","M","PTB","GO","Cirurgião-Dentista","dep.jovairarantes@camara.gov.br"
"52","74276","JOVINO CANDIDO","JOVINO CANDIDO DA SILVA","20/01/1955","M","PV","SP","OUTROS","dep.jovinocandido@camara.gov.br"
"52","74317","JULIO CESAR","JULIO CESAR DE CARVALHO LIMA","25/08/1948","M","DEM","PI","PROFESSOR, ADVOGADO E PRODUTOR RURAL","dep.juliocesar@camara.gov.br"
"52","73586","JULIO DELGADO","JULIO CESAR DELGADO","18/11/1966","M","PSB","MG","CONSULTOR E ADVOGADO","dep.juliodelgado@camara.gov.br"
"52","74577","CABO JULIO","JULIO CESAR GOMES DOS SANTOS","19/05/1970","M","PMDB","MG","Militar Reformado","dep.cabojulio@camara.gov.br"
"52","73994","JULIO REDECKER","JULIO CESAR REDECKER","12/07/1956","M","PSDB","RS","Empresário, Advogado e Professor Universitário","dep.julioredecker@camara.gov.br"
"52","74783","JULIO SEMEGHINI","JULIO FRANCISCO SEMEGHINI NETO","25/07/1956","M","PSDB","SP","Engenheiro Eletrônico","dep.juliosemeghini@camara.gov.br"
"52","74253","JULIO LOPES","JULIO LUIZ BAPTISTA LOPES","06/04/1959","M","PP","RJ","Administrador de Empresas, Professor","dep.juliolopes@camara.gov.br"
"52","74346","JURANDIL JUAREZ","JURANDIL DOS SANTOS JUAREZ","12/03/1950","M","PMDB","AP","Economista e Professor","dep.jurandiljuarez@camara.gov.br"
"52","74493","JURANDIR BOIA","JURANDIR BOIA ROCHA","12/04/1942","M","PDT","AL","Médico Otorrino","dep.jurandirboia@camara.gov.br"
"52","74570","JUTAHY JUNIOR","JUTAHY MAGALHAES JUNIOR","14/10/1955","M","PSDB","BA","Advogado","dep.jutahyjunior@camara.gov.br"
"52","73592","KATIA ABREU","KATIA REGINA DE ABREU","02/02/1962","F","DEM","TO","Pecuarista, Psicóloga.","dep.katiaabreu@camara.gov.br"
"52","74742","LAEL VARELLA","LAEL VIEIRA VARELLA","19/02/1939","M","DEM","MG","Empresário","dep.laelvarella@camara.gov.br"
"52","74800","LINO ROSSI","LAUDNIR LINO ROSSI","08/10/1957","M","PP","MT","Apresentador de Televisão e Radialista","dep.linorossi@camara.gov.br"
"52","74463","LAVOISIER MAIA","LAVOISIER MAIA SOBRINHO","09/10/1928","M","PSB","RN","Médico e Professor","dep.lavoisiermaia@camara.gov.br"
"52","74367","LEANDRO VILELA","LEANDRO VILELA VELLOSO","07/11/1975","M","PMDB","GO","COMERCIANTE","dep.leandrovilela@camara.gov.br"
"52","73473","LEODEGAR TISCOSKI","LEODEGAR DA CUNHA TISCOSKI","02/10/1948","M","PP","SC","Engenheiro Civil e Professor","dep.leodegartiscoski@camara.gov.br"
"52","74254","LEONARDO PICCIANI","LEONARDO CARNEIRO MONTEIRO PICCIANI","06/11/1979","M","PMDB","RJ","Agropecuarista e Bacharel de Direito.","dep.leonardopicciani@camara.gov.br"
"52","74155","LEONARDO MATTOS","LEONARDO JOSE DE MATTOS","09/11/1955","M","PV","MG","Funcionário Público","dep.leonardomattos@camara.gov.br"
"52","74368","LEONARDO VILELA","LEONARDO MOURA VILELA","22/12/1963","M","PSDB","GO","MEDICO","dep.leonardovilela@camara.gov.br"
"52","74455","LEO ALCANTARA","LEONARDO ROSARIO DE ALCANTARA","05/12/1972","M","PSDB","CE","Empresário e advogado","dep.leoalcantara@camara.gov.br"
"52","74585","LINCOLN PORTELA","LINCOLN DINIZ PORTELA","03/11/1953","M","PR","MG","Radialista e Comunicador.","dep.lincolnportela@camara.gov.br"
"52","73474","LUCI CHOINACKI","LUCI TERESINHA KOSWOSKI CHOINACKI","17/03/1954","F","PT","SC","Agricultora","dep.lucichoinacki@camara.gov.br"
"52","74397","LUCIANA GENRO","LUCIANA KREBS GENRO","17/01/1971","F","PSOL","RS","Professora de Inglês","dep.lucianagenro@camara.gov.br"
"52","73982","LUCIANO CASTRO","LUCIANO DE SOUZA CASTRO","22/08/1949","M","PR","RR","Administrador e Economista","dep.lucianocastro@camara.gov.br"
"52","74028","LUCIANO LEITOA","LUCIANO FERREIRA DE SOUSA","22/06/1980","M","PSB","MA","Não informada","dep.lucianoleitoa@camara.gov.br"
"52","73483","LUIS CARLOS HEINZE","LUIS CARLOS HEINZE","14/09/1950","M","PP","RS","Engenheiro Agrônomo e Produtor Rural","dep.luiscarlosheinze@camara.gov.br"
"52","74133","LUIZ ALBERTO","LUIZ ALBERTO SILVA DOS SANTOS","03/01/1953","M","PT","BA","Técnico Químico","dep.luizalberto@camara.gov.br"
"52","74041","LUIZ COUTO","LUIZ ALBUQUERQUE COUTO","13/02/1945","M","PT","PB","Professor Adjunto","dep.luizcouto@camara.gov.br"
"52","74786","MEDEIROS","LUIZ ANTONIO DE MEDEIROS NETO","23/01/1948","M","PR","SP","Metalúrgico e Torneiro Mecânico","dep.medeiros@camara.gov.br"
"52","74700","FLEURY","LUIZ ANTONIO FLEURY FILHO","30/03/1949","M","PTB","SP","Advogado","dep.fleury@camara.gov.br"
"52","74142","LUIZ CARREIRA","LUIZ ANTONIO VASCONCELLOS CARREIRA","27/10/1947","M","DEM","BA","ADMINISTRADOR","dep.luizcarreira@camara.gov.br"
"52","74059","LUIZ BASSUMA","LUIZ CARLOS BASSUMA","08/08/1956","M","PT","BA","Engenheiro.","dep.luizbassuma@camara.gov.br"
"52","74792","PROFESSOR LUIZINHO","LUIZ CARLOS DA SILVA","18/04/1955","M","PT","SP","Professor","dep.professorluizinho@camara.gov.br"
"52","73546","LUIZ CARLOS SANTOS","LUIZ CARLOS DOS SANTOS","26/05/1932","M","DEM","SP","ADVOGADO","dep.luizcarlossantos@camara.gov.br"
"52","73778","LUIZ CARLOS HAULY","LUIZ CARLOS JORGE HAULY","08/10/1950","M","PSDB","PR","Economista e Professor","dep.luizcarloshauly@camara.gov.br"
"52","73718","SIGMARINGA SEIXAS","LUIZ CARLOS SIGMARINGA SEIXAS","07/11/1944","M","PT","DF","ADVOGADO","dep.sigmaringaseixas@camara.gov.br"
"52","74521","LUIZ DANTAS","LUIZ DANTAS LIMA","29/11/1949","M","PTB","AL","Agrônomo","dep.luizdantas@camara.gov.br"
"52","74294","GONZAGA MOTA","LUIZ DE GONZAGA FONSECA MOTA","09/12/1942","M","PSDB","CE","Economista e Professor Universitário.","dep.gonzagamota@camara.gov.br"
"52","74137","LUIZ EDUARDO GREENHALGH","LUIZ EDUARDO RODRIGUES GREENHALGH","11/04/1948","M","PT","SP","Advogado","dep.luizeduardogreenhalgh@camara.gov.br"
"52","74063","FERNANDO DE FABINHO","LUIZ FERNANDO DE FABINHO ARAUJO LIMA","11/11/1957","M","DEM","BA","Administrador de Empresas, Radialista e Comerciante","dep.fernandodefabinho@camara.gov.br"
"52","74419","GONZAGA PATRIOTA","LUIZ GONZAGA PATRIOTA","26/04/1946","M","PSB","PE","Advogado, Contador , Administrador de Empresas e Jornalista.","dep.gonzagapatriota@camara.gov.br"
"52","74810","LUIZ BITTENCOURT","LUIZ JOSE BITTENCOURT","20/06/1956","M","PMDB","GO","Engenheiro Civil e Professor Universitário","dep.luizbittencourt@camara.gov.br"
"52","74858","LINDBERG FARIAS","LUIZ LINDBERGH FARIAS FILHO","08/12/1969","M","PT","RJ","ESTUDANTE,BOLSISTA, ESTAGIARIO E ASSEMELHADOS","dep.lindbergfarias@camara.gov.br"
"52","74427","LUIZ PIAUHYLINO","LUIZ PIAUHYLINO DE MELLO MONTEIRO","10/08/1947","M","PDT","PE","Advogado","dep.luizpiauhylino@camara.gov.br"
"52","73478","BETO ALBUQUERQUE","LUIZ ROBERTO DE ALBUQUERQUE","06/01/1963","M","PSB","RS","Advogado","dep.betoalbuquerque@camara.gov.br"
"52","141337","LUIZ ROCHA FILHO","LUIZ ROCHA FILHO","03/06/1964","M","PSDB","MA","

    ","dep.luizrochafilho@camara.gov.br"
"52","74486","LUIZ ROGERIO","LUIZ ROGERIO GONCALVES MAGALHAES","29/03/1964","M","PSB","RJ","

    ","dep.luizrogerio@camara.gov.br"
"52","74688","LUIZ SERGIO","LUIZ SERGIO NOBREGA DE OLIVEIRA","09/04/1958","M","PT","RJ","Delineador Naval","dep.luizsergio@camara.gov.br"
"52","74784","LUIZA ERUNDINA","LUIZA ERUNDINA DE SOUSA","30/11/1934","F","PSB","SP","Assistente Social","dep.luizaerundina@camara.gov.br"
"52","74456","MANOEL SALVIANO","MANOEL SALVIANO SOBRINHO","24/09/1939","M","PSDB","CE","Médico e Industrial","dep.manoelsalviano@camara.gov.br"
"52","74164","MARCELINO FRAGA","MARCELINO AYUB FRAGA","21/09/1958","M","PMDB","ES","PRODUTOR AGROPECUARIO","dep.marcelinofraga@camara.gov.br"
"52","74157","MARCELLO SIQUEIRA","MARCELLO LIGNANI SIQUEIRA","22/02/1938","M","PMDB","MG","ENGENHEIRO","dep.marcellosiqueira@camara.gov.br"
"52","74460","MARCELO CASTRO","MARCELO COSTA E CASTRO","09/06/1950","M","PMDB","PI","Médico - Mestrado em Psiquiatria","dep.marcelocastro@camara.gov.br"
"52","74143","MARCELO GUIMARAES FILHO","MARCELO DE OLIVEIRA GUIMARAES FILHO","01/03/1976","M","DEM","BA","Advogado","dep.marceloguimaraesfilho@camara.gov.br"
"52","73548","MARCELO BARBIERI","MARCELO FORTES BARBIERI","21/11/1956","M","PMDB","SP","Administrador de Empresas","dep.marcelobarbieri@camara.gov.br"
"52","74860","MARCIO FORTES","MARCIO JOAO DE ANDRADE FORTES","04/10/1944","M","PSDB","RJ","Engenheiro Civil","dep.marciofortes@camara.gov.br"
"52","74744","MARCIO REINALDO MOREIRA","MARCIO REINALDO DIAS MOREIRA","03/11/1942","M","PP","MG","Economista e Analista de Orçamentos","dep.marcioreinaldomoreira@camara.gov.br"
"52","133373","MARCO MAIA","MARCO AURELIO SPALL MAIA","27/12/1965","M","PT","RS","Industriário (Metalúrgico)","dep.marcomaia@camara.gov.br"
"52","74470","MARCONDES GADELHA","MARCONDES IRAN BENEVIDES GADELHA","23/06/1943","M","PSB","PB","Médico","dep.marcondesgadelha@camara.gov.br"
"52","74479","MARCOS DE JESUS","MARCOS ANTONIO DE BARROS","24/10/1958","M","S.PART.","PE","Pastor Evangélico, Auxiliar de Enfermagem e Radialista","dep.marcosdejesus@camara.gov.br"
"52","74279","MARCOS ABRAMO","MARCOS ROBERTO ABRAMO","22/12/1969","M","PP","SP","TECNICO DE ELETRICIDADE, ELETRONICA E TELECOMUNICACOES","dep.marcosabramo@camara.gov.br"
"52","74235","MARCUS VICENTE","MARCUS ANTONIO VICENTE","28/04/1954","M","PTB","ES","Advogado","dep.marcusvicente@camara.gov.br"
"52","74037","FATIMA BEZERRA","MARIA DE FATIMA BEZERRA","19/05/1955","F","PT","RN","Pedagoga.","dep.fatimabezerra@camara.gov.br"
"52","74586","MARIA DO CARMO LARA","MARIA DO CARMO LARA PERPETUO","18/08/1954","F","PT","MG","Professora e Psicóloga","dep.mariadocarmolara@camara.gov.br"
"52","74398","MARIA DO ROSARIO","MARIA DO ROSARIO NUNES","22/11/1966","F","PT","RS","Professora","dep.mariadorosario@camara.gov.br"
"52","74085","SOCORRO GOMES","MARIA DO SOCORRO GOMES COELHO","12/01/1952","F","PCdoB","PA","Professora","dep.socorrogomes@camara.gov.br"
"52","129618","GORETE PEREIRA","MARIA GORETE PEREIRA","10/04/1952","F","PR","CE","FISIOTERAPEUTA","dep.goretepereira@camara.gov.br"
"52","64960","MARIA HELENA","MARIA HELENA VERONESE RODRIGUES","15/06/1949","F","PSB","RR","Advogada","dep.mariahelena@camara.gov.br"
"52","74288","MANINHA","MARIA JOSE DA CONCEICAO MANINHA","13/09/1948","F","PSOL","DF","MEDICA","dep.maninha@camara.gov.br"
"52","74856","LAURA CARNEIRO","MARIA LAURA MONTEZA DE SOUZA CARNEIRO","01/05/1963","F","DEM","RJ","Advogada e Servidora Pública Federal","dep.lauracarneiro@camara.gov.br"
"52","74587","MARIA LUCIA CARDOSO","MARIA LUCIA CARDOSO","27/11/1958","F","PMDB","MG","Diretora de Empresas","dep.marialuciacardoso@camara.gov.br"
"52","74255","MARIA LUCIA","MARIA LUCIA NETTO DOS SANTOS","25/03/1953","F","PMDB","RJ","EMPRESARIA","dep.marialucia@camara.gov.br"
"52","73943","PERPETUA ALMEIDA","MARIA PERPETUA DE ALMEIDA","28/12/1964","F","PCdoB","AC","Professora e Bancária","dep.perpetuaalmeida@camara.gov.br"
"52","73922","SUELY CAMPOS","MARIA SUELY SILVA CAMPOS","14/05/1953","F","PP","RR","Professora","dep.suelycampos@camara.gov.br"
"52","74485","MARIANGELA DUARTE","MARIANGELA DE ARAUJO GAMA DUARTE","03/04/1946","F","PT","SP","Professora Universitária.","dep.mariangeladuarte@camara.gov.br"
"52","74177","MARINHA RAUPP","MARINHA CELIA ROCHA RAUPP DE MATOS","23/11/1960","F","PMDB","RO","Psicóloga, Técnica em Assuntos Educacionais, Professora e Servidora Pública","dep.marinharaupp@camara.gov.br"
"52","74329","MARIO ASSAD JUNIOR","MARIO ASSAD JUNIOR","11/08/1965","M","PSB","MG","Advogado","dep.marioassadjunior@camara.gov.br"
"52","74158","MARIO HERINGER","MARIO LUCIO HERINGER","30/09/1954","M","PDT","MG","MEDICO","dep.marioheringer@camara.gov.br"
"52","74635","MARIO NEGROMONTE","MARIO SILVIO MENDES NEGROMONTE","06/07/1950","M","PP","BA","Advogado","dep.marionegromonte@camara.gov.br"
"52","74050","MAURICIO QUINTELLA LESSA","MAURICIO QUINTELLA MALTA LESSA","28/03/1971","M","PR","AL","Servidor Público","dep.mauricioquintellalessa@camara.gov.br"
"52","74045","MAURICIO RANDS","MAURICIO RANDS COELHO BARROS","17/09/1961","M","PT","PE","ADVOGADO","dep.mauriciorands@camara.gov.br"
"52","74389","MAURO PASSOS","MAURO GUIMARAES PASSOS","12/09/1948","M","PT","SC","ENGENHEIRO","dep.mauropassos@camara.gov.br"
"52","74749","MAURO LOPES","MAURO RIBEIRO LOPES","24/05/1936","M","PMDB","MG","Empresário e Bacharel em Direito","dep.maurolopes@camara.gov.br"
"52","73780","MAX ROSENMANN","MAX ROSENMANN","29/11/1944","M","PMDB","PR","Advogado e Empresário","dep.maxrosenmann@camara.gov.br"
"52","73552","MICHEL TEMER","MICHEL MIGUEL ELIAS TEMER LULIA","23/09/1940","M","PMDB","SP","Advogado e Professor","dep.micheltemer@camara.gov.br"
"52","65511","MIGUEL ARRAES","MIGUEL ARRAES DE ALENCAR","15/12/1916","M","PSB","PE","ADVOGADO","dep.miguelarraes@camara.gov.br"
"52","73939","MIGUEL DE SOUZA","MIGUEL DE SOUZA","25/12/1953","M","PR","RO","Engenheiro Civil","dep.migueldesouza@camara.gov.br"
"52","74787","MILTON MONTI","MILTON ANTONIO CASQUEL MONTI","11/06/1961","M","PR","SP","Economista","dep.miltonmonti@camara.gov.br"
"52","74337","MILTON BARBOSA","MILTON JOAO SOARES BARBOSA","28/12/1954","M","PSC","BA","Ministro Evangélico","dep.miltonbarbosa@camara.gov.br"
"52","74690","MIRIAM REID","MIRIAM SANTOS MANCEBO REID","15/06/1957","F","PSB","RJ","Assistente Social e Professora","dep.miriamreid@camara.gov.br"
"52","74862","MIRO TEIXEIRA","MIRO TEIXEIRA","27/05/1945","M","PDT","RJ","Advogado","dep.miroteixeira@camara.gov.br"
"52","74238","MOACIR MICHELETTO","MOACIR MICHELETTO","25/11/1942","M","PMDB","PR","Engenheiro Agrônomo, Administrador Rural e Extensionista Agrícola","dep.moacirmicheletto@camara.gov.br"
"52","73984","MOISES LIPNIK","MOISES SRAGOVICZ LIPNIK","05/08/1953","M","PDT","RR","Advogado e Administrador de Empresas","dep.moiseslipnik@camara.gov.br"
"52","74457","MORONI TORGAN","MORONI BING TORGAN","10/06/1956","M","DEM","CE","Delegado de Polícia Federal","dep.moronitorgan@camara.gov.br"
"52","74464","MUCIO SA","MUCIO GURGEL DE SA","05/04/1952","M","PSB","RN","Administrador de Empresas","dep.muciosa@camara.gov.br"
"52","74375","MURILO ZAUITH","MURILO ZAUITH","17/07/1950","M","DEM","MS","ENGENHEIRO","dep.murilo@camara.gov.br"
"52","74318","MUSSA DEMES","MUSSA DE JESUS DEMES","08/12/1939","M","DEM","PI","Advogado e Técnico em Contabilidade","dep.mussademes@camara.gov.br"
"52","74108","NARCIO RODRIGUES","NARCIO RODRIGUES DA SILVEIRA","23/04/1959","M","PSDB","MG","Jornalista","dep.narciorodrigues@camara.gov.br"
"52","73499","NARCISO MENDES","NARCISO MENDES DE ASSIS","18/07/1946","M","PP","AC","EMPRESÁRIO","dep.narcisomendes@camara.gov.br"
"52","133372","NATAN DONADON","NATAN DONADON","27/07/1967","M","PMDB","RO","Funcionário Público","dep.natandonadon@camara.gov.br"
"52","74396","KELLY MORAES","NEIVA TEREZINHA MARQUES","19/01/1963","F","PTB","RS","SERVIDOR PUBLICO MUNICIPAL","dep.kellymoraes@camara.gov.br"
"52","74038","NELIO DIAS","NELIO SILVEIRA DIAS","22/01/1945","M","PP","RN","PECUARISTA","dep.neliodias@camara.gov.br"
"52","73907","NELSON PROENCA","NELSON LUIZ PROENCA FERNANDES","14/08/1950","M","PPS","RS","Administrador de Empresas e Empresário","dep.nelsonproenca@camara.gov.br"
"52","160567","NELSON MARCHEZAN JUNIOR","NELSON MARCHEZAN JUNIOR","30/11/1971","M","PSDB","RS","Advogado","dep.nelsonmarchezanjunior@camara.gov.br"
"52","73553","NELSON MARQUEZELLI","NELSON MARQUEZELLI","29/10/1941","M","PTB","SP","Empresário","dep.nelsonmarquezelli@camara.gov.br"
"52","73781","NELSON MEURER","NELSON MEURER","23/07/1942","M","PP","PR","Agropecuarista","dep.nelsonmeurer@camara.gov.br"
"52","73416","NELSON BORNIER","NELSON ROBERTO BORNIER DE OLIVEIRA","14/01/1950","M","PMDB","RJ","Advogado","dep.nelsonbornier@camara.gov.br"
"52","74806","TADEU FILIPPELLI","NELSON TADEU FILIPPELLI","11/05/1949","M","PMDB","DF","Servidor Público e Engenheiro Elétrico","dep.tadeufilippelli@camara.gov.br"
"52","73761","NELSON TRAD","NELSON TRAD","30/10/1930","M","PMDB","MS","Advogado e Professor","dep.nelsontrad@camara.gov.br"
"52","74571","NELSON PELLEGRINO","NELSON VICENTE PORTELA PELLEGRINO","27/12/1960","M","PT","BA","Advogado","dep.nelsonpellegrino@camara.gov.br"
"52","74165","NEUCIMAR FRAGA","NEUCIMAR FERREIRA FRAGA","26/06/1966","M","PR","ES","Representante Comercial","dep.neucimarfraga@camara.gov.br"
"52","74327","NEY LOPES","NEY LOPES DE SOUZA","14/02/1945","M","DEM","RN","Advogado, Professor Universitário e Jornalista","dep.neylopes@camara.gov.br"
"52","74369","NEYDE APARECIDA","NEYDE APARECIDA DA SILVA","06/09/1952","F","PT","GO","PROFESSORA DE ENSINO DE PRIMEIRO E SEGUNDO GRAUS","dep.neydeaparecida@camara.gov.br"
"52","74447","NICE LOBAO","NICE LOBAO","29/10/1936","F","DEM","MA","Servidora Pública","dep.nicelobao@camara.gov.br"
"52","74080","NICIAS RIBEIRO","NICIAS LOPES RIBEIRO","09/05/1948","M","PSDB","PA","Engenheiro Eletrônico e Professor","dep.niciasribeiro@camara.gov.br"
"52","74365","NILSON MOURAO","NILSON MOURA LEITE MOURAO","01/04/1952","M","PT","AC","Professor Universitário","dep.nilsonmourao@camara.gov.br"
"52","74352","NILSON PINTO","NILSON PINTO DE OLIVEIRA","25/03/1952","M","PSDB","PA","Professor","dep.nilsonpinto@camara.gov.br"
"52","74359","NILTON CAPIXABA","NILTON BALBINO","09/02/1960","M","PTB","RO","Empresário","dep.niltoncapixaba@camara.gov.br"
"52","74776","NILTON BAIANO","NILTON GOMES OLIVEIRA","12/07/1941","M","PP","ES","Médico e Professor Universitário","dep.niltonbaiano@camara.gov.br"
"52","74392","ZONTA","ODACIR ZONTA","18/07/1945","M","PP","SC","Agricultor Cooperativista.","dep.zonta@camara.gov.br"
"52","74159","ODAIR CUNHA","ODAIR JOSE DA CUNHA","18/06/1976","M","PT","MG","ADVOGADO","dep.odaircunha@camara.gov.br"
"52","74752","ODELMO LEAO","ODELMO LEAO CARNEIRO SOBRINHO","26/05/1946","M","PP","MG","Produtor Rural e Bancário","dep.odelmoleao@camara.gov.br"
"52","73782","ODILIO BALBINOTTI","ODILIO BALBINOTTI","08/06/1941","M","PMDB","PR","Agropecuarista e Empresário","dep.odiliobalbinotti@camara.gov.br"
"52","74005","OLAVO CALHEIROS","OLAVO CALHEIROS FILHO","12/03/1957","M","PMDB","AL","Engenheiro Agrônomo","dep.olavocalheiros@camara.gov.br"
"52","74399","ONYX LORENZONI","ONYX DORNELLES LORENZONI","03/10/1954","M","DEM","RS","VETERINARIO","dep.onyxlorenzoni@camara.gov.br"
"52","73684","ORLANDO DESCONSI","ORLANDO DESCONSI","11/12/1963","M","PT","RS","ADVOGADO E PROFESSOR DE EDUCAÇÃO FÍSICA","dep.orlandodesconsi@camara.gov.br"
"52","73603","ORLANDO FANTAZZINI","ORLANDO FANTAZZINI NETO","14/09/1958","M","PSOL","SP","Advogado.","dep.orlandofantazzini@camara.gov.br"
"52","74753","OSMANIO PEREIRA","OSMANIO PEREIRA DE OLIVEIRA","17/08/1943","M","PTB","MG","Advogado e Empresário","dep.osmaniopereira@camara.gov.br"
"52","73692","OSMAR TERRA","OSMAR GASPARINI TERRA","18/02/1950","M","PMDB","RS","Médico","dep.osmarterra@camara.gov.br"
"52","73463","OSMAR SERRAGLIO","OSMAR JOSE SERRAGLIO","23/05/1948","M","PMDB","PR","Advogado","dep.osmarserraglio@camara.gov.br"
"52","73660","OSORIO ADRIANO","OSORIO ADRIANO FILHO","10/07/1929","M","DEM","DF","Engenheiro Civil e Empresário.","dep.osorioadriano@camara.gov.br"
"52","73909","OSVALDO BIOLCHI","OSVALDO ANICETTO BIOLCHI","16/12/1934","M","PMDB","RS","

    ","dep.osvaldobiolchi@camara.gov.br"
"52","74430","OSVALDO COELHO","OSVALDO DE SOUZA COELHO","24/08/1931","M","DEM","PE","Pecuarista, Advogado e Industrial","dep.osvaldocoelho@camara.gov.br"
"52","74191","OSVALDO REIS","OSVALDO DE SOUZA REIS","30/12/1936","M","PMDB","TO","Empresário","dep.osvaldoreis@camara.gov.br"
"52","74160","PATRUS ANANIAS","PATRUS ANANIAS DE SOUSA","26/01/1952","M","PT","MG","PROFESSOR DE ENSINO SUPERIOR","dep.patrusananias@camara.gov.br"
"52","74095","PAUDERNEY AVELINO","PAUDERNEY TOMAZ AVELINO","24/09/1954","M","DEM","AM","Engenheiro Civil, Professor","dep.pauderneyavelino@camara.gov.br"
"52","74390","PAULO AFONSO","PAULO AFONSO EVANGELISTA VIEIRA","10/05/1958","M","PMDB","SC","SERVIDOR PUBLICO ESTADUAL","dep.pauloafonso@camara.gov.br"
"52","73784","PAULO BERNARDO","PAULO BERNARDO SILVA","10/03/1952","M","PT","PR","BANCARIO","dep.paulobernardo@camara.gov.br"
"52","74448","PAULO MARINHO","PAULO CELSO FONSECA MARINHO","01/12/1958","M","PL","MA","Advogado e Servidor Público","dep.paulomarinho@camara.gov.br"
"52","74692","PAULO BALTAZAR","PAULO CESAR BALTAZAR DA NOBREGA","25/11/1949","M","PSB","RJ","Médico, Professor e Bancário","dep.paulobaltazar@camara.gov.br"
"52","73555","PAULO LIMA","PAULO CESAR DE OLIVEIRA LIMA","09/02/1963","M","PMDB","SP","Engenheiro Civil, Empresário, Pecuarista e Educador","dep.paulolima@camara.gov.br"
"52","74017","PAULO FEIJO","PAULO FERNANDO FEIJO TORRES","23/03/1956","M","PSDB","RJ","Engenheiro Mecânico","dep.paulofeijo@camara.gov.br"
"52","74754","PAULO DELGADO","PAULO GABRIEL GODINHO DELGADO","28/12/1951","M","PT","MG","Professor e Sociólogo","dep.paulodelgado@camara.gov.br"
"52","73612","PAULO RATTES","PAULO JOSE ALVES RATTES","21/12/1933","M","PSB","RJ","

    ","dep.paulorattes@camara.gov.br"
"52","73485","PAULO GOUVEA","PAULO JOSE GOUVEA","19/04/1964","M","PR","RS","Radialista","dep.paulogouvea@camara.gov.br"
"52","73882","PAULO BAUER","PAULO ROBERTO BAUER","20/03/1957","M","PSDB","SC","OUTROS","dep.paulobauer@camara.gov.br"
"52","74082","PAULO ROCHA","PAULO ROBERTO GALVAO DA ROCHA","01/04/1951","M","PT","PA","Técnico em Artes Gráficas","dep.paulorocha@camara.gov.br"
"52","74400","PAULO PIMENTA","PAULO ROBERTO SEVERO PIMENTA","19/03/1965","M","PT","RS","Técnico Agrícola e Jornalista","dep.paulopimenta@camara.gov.br"
"52","74047","PAULO RUBEM SANTIAGO","PAULO RUBEM SANTIAGO FERREIRA","17/07/1955","M","PT","PE","PROFESSOR DE ENSINO SUPERIOR","dep.paulorubemsantiago@camara.gov.br"
"52","74791","PAULO KOBAYASHI","PAULO SEITI KOBAYASHI","30/06/1945","M","PSDB","SP","Professor e Agricultor","dep.paulokobayashi@camara.gov.br"
"52","74574","PAULO MAGALHAES","PAULO SERGIO PARANHOS DE MAGALHAES","28/11/1952","M","DEM","BA","Administrador de Empresas","dep.paulomagalhaes@camara.gov.br"
"52","73672","PEDRO CANEDO","PEDRO CHAVES CANEDO","20/06/1949","M","PP","GO","Médico","dep.pedrocanedo@camara.gov.br"
"52","74431","PEDRO CORREA","PEDRO DA SILVA CORREA DE OLIVEIRA ANDRADE NETO","07/01/1948","M","PP","PE","MÉDICO E PECUARISTA","dep.pedrocorrea@camara.gov.br"
"52","74449","PEDRO FERNANDES","PEDRO FERNANDES RIBEIRO","02/03/1949","M","PTB","MA","Engenheiro Civil e Bancário","dep.pedrofernandes@camara.gov.br"
"52","74111","PEDRO HENRY","PEDRO HENRY NETO","19/04/1957","M","PP","MT","Médico","dep.pedrohenry@camara.gov.br"
"52","74637","PEDRO IRUJO","PEDRO IRUJO YANIZ","29/06/1930","M","PMDB","BA","Empresário","dep.pedroirujo@camara.gov.br"
"52","74207","PEDRO NOVAIS","PEDRO NOVAIS LIMA","07/07/1930","M","PMDB","MA","Advogado","dep.pedronovais@camara.gov.br"
"52","73455","PEDRO PEDROSSIAN","PEDRO PEDROSSIAN FILHO","28/06/1966","M","PP","MS","Empresário Rural","dep.pedropedrossian@camara.gov.br"
"52","74812","PEDRO CHAVES","PEDRO PINHEIRO CHAVES","28/08/1958","M","PMDB","GO","Engenheiro Civil","dep.pedrochaves@camara.gov.br"
"52","74032","PASTOR PEDRO RIBEIRO","PEDRO RIBEIRO FILHO","26/05/1946","M","PMDB","CE","Ministro do Evangelho","dep.pastorpedroribeiro@camara.gov.br"
"52","74756","PHILEMON RODRIGUES","PHILEMON RODRIGUES DA SILVA","19/06/1932","M","PTB","PB","Pastor, Servidor Público e Teólogo","dep.philemonrodrigues@camara.gov.br"
"52","74216","RAIMUNDO GOMES DE MATOS","RAIMUNDO GOMES DE MATOS","30/03/1951","M","PSDB","CE","Médico","dep.raimundogomesdematos@camara.gov.br"
"52","74084","RAIMUNDO SANTOS","RAIMUNDO JOSE PEREIRA DOS SANTOS","10/10/1955","M","PR","PA","Advogado","dep.raimundosantos@camara.gov.br"
"52","74370","PROFESSORA RAQUEL TEIXEIRA","RAQUEL FIGUEIREDO ALESSANDRI TEIXEIRA","24/11/1946","F","PSDB","GO","PROFESSOR DE ENSINO SUPERIOR","dep.professoraraquelteixeira@camara.gov.br"
"52","74048","RAUL JUNGMANN","RAUL BELENS JUNGMANN PINTO","03/04/1952","M","PPS","PE","OUTROS","dep.rauljungmann@camara.gov.br"
"52","73574","REGINALDO GERMANO","REGINALDO DA SILVA GERMANO","21/09/1954","M","PP","BA","Radialista e Sacerdote ou membro de ordem ou seita religiosa","dep.reginaldogermano@camara.gov.br"
"52","74161","REGINALDO LOPES","REGINALDO LAZARO DE OLIVEIRA LOPES","02/04/1973","M","PT","MG","ECONOMISTA","dep.reginaldolopes@camara.gov.br"
"52","73693","REINALDO GRIPP ","REINALDO GRIPP LOPES","11/02/1952","M","PR","RJ","Médico","dep.reinaldogripp@camara.gov.br"
"52","74256","REINALDO BETAO","REINALDO PEREIRA PINTO","07/02/1959","M","PR","RJ","EMPRESARIO","dep.reinaldobetao@camara.gov.br"
"52","62926","PASTOR REINALDO","REINALDO SANTOS E SILVA","14/02/1949","M","PTB","RS","Ministro do Evangelho - Pastor","dep.pastorreinaldo@camara.gov.br"
"52","73786","REINHOLD STEPHANES","REINHOLD STEPHANES","13/08/1939","M","PMDB","PR","Economista","dep.reinholdstephanes@camara.gov.br"
"52","74208","REMI TRINTA","REMI ABREU TRINTA","11/02/1940","M","PR","MA","Médico, Ortopedista","dep.remitrinta@camara.gov.br"
"52","74257","RENATO COZZOLINO","RENATO COZZOLINO SOBRINHO","28/01/1956","M","PDT","RJ","PROFESSOR DE ENSINO DE PRIMEIRO E SEGUNDO GRAUS","dep.renatocozzolino@camara.gov.br"
"52","73801","RENILDO CALHEIROS","RENILDO VASCONCELOS CALHEIROS","20/04/1959","M","PCdoB","PE","EMPRESARIO","dep.renildocalheiros@camara.gov.br"
"52","74023","RICARDO RIQUE","RICARDO FEITOSA RIQUE","09/07/1954","M","PR","PB","Empresário","dep.ricardorique@camara.gov.br"
"52","140241","RICARDO SANTOS","RICARDO FERREIRA DOS SANTOS","07/02/1945","M","PSDB","ES","

    ","dep.ricardosantos@camara.gov.br"
"52","74557","RICARDO FIUZA","RICARDO FERREIRA FIUZA","06/09/1939","M","PP","PE","Advogado e Pecuarista","dep.ricardofiuza@camara.gov.br"
"52","73788","RICARDO BARROS","RICARDO JOSE MAGALHAES BARROS","15/11/1959","M","PP","PR","Engenheiro Civil e Empresário","dep.ricardobarros@camara.gov.br"
"52","74793","RICARDO BERZOINI","RICARDO JOSE RIBEIRO BERZOINI","10/02/1960","M","PT","SP","Bancário","dep.ricardoberzoini@camara.gov.br"
"52","73557","RICARDO IZAR","RICARDO NAGIB IZAR","28/07/1938","M","PTB","SP","Advogado","dep.ricardoizar@camara.gov.br"
"52","65551","WAGNER LAGO","RICARDO WAGNER DE CARVALHO LAGO","15/02/1944","M","PDT","MA","ADVOGADO","dep.wagnerlago@camara.gov.br"
"52","74496","ZARATTINI","RICARDO ZARATTINI FILHO","06/02/1935","M","PT","SP","Engenheiro Civil","dep.zarattini@camara.gov.br"
"52","73490","RICARTE DE FREITAS","RICARTE DE FREITAS JUNIOR","17/01/1952","M","PTB","MT","ADVOGADO","dep.ricartedefreitas@camara.gov.br"
"52","64224","ROBERIO NUNES","ROBERIO CASSIO RIBEIRO NUNES","03/11/1964","M","DEM","BA","Advogado","dep.roberionunes@camara.gov.br"
"52","73674","ROBERTO BALESTRA","ROBERTO EGIDIO BALESTRA","24/05/1944","M","PP","GO","Agropecuarista, Técnico em Laticínios, Comerciante, Industrial e Advogado","dep.robertobalestra@camara.gov.br"
"52","74281","ROBERTO GOUVEIA","ROBERTO GOUVEIA NASCIMENTO","06/06/1955","M","PT","SP","MEDICO","dep.robertogouveia@camara.gov.br"
"52","73420","ROBERTO JEFFERSON","ROBERTO JEFFERSON MONTEIRO FRANCISCO","14/06/1953","M","PTB","RJ","Advogado","dep.robertojefferson@camara.gov.br"
"52","73805","ROBERTO FREIRE","ROBERTO JOAO PEREIRA FREIRE","20/04/1942","M","PPS","PE","Advogado","dep.robertofreire@camara.gov.br"
"52","74758","ROBERTO BRANT","ROBERTO LUCIO ROCHA BRANT","02/05/1942","M","DEM","MG","Bacharel em Direito e Professor","dep.robertobrant@camara.gov.br"
"52","74433","ROBERTO MAGALHAES","ROBERTO MAGALHAES MELO","17/07/1933","M","DEM","PE","ADVOGADO","dep.robertomagalhaes@camara.gov.br"
"52","74305","ROBERTO PESSOA","ROBERTO SOARES PESSOA","21/05/1943","M","PL","CE","Agropecuarista, Economista e Contador","dep.robertopessoa@camara.gov.br"
"52","73558","ROBSON TUMA","ROBSON TUMA","05/09/1968","M","DEM","SP","Empresário e Advogado","dep.robsontuma@camara.gov.br"
"52","73920","DR. RODOLFO PEREIRA","RODOLFO PEREIRA","10/01/1968","M","PDT","RR","MEDICO","dep.dr.rodolfopereira@camara.gov.br"
"52","74693","RODRIGO MAIA","RODRIGO FELINTO IBARRA EPITACIO MAIA","12/06/1970","M","DEM","RJ","Bancário","dep.rodrigomaia@camara.gov.br"
"52","74051","ROGERIO TEOFILO","ROGERIO AUTO TEOFILO","27/04/1957","M","PPS","AL","Advogado","dep.rogerioteofilo@camara.gov.br"
"52","73651","ROGERIO SILVA","ROGERIO LUCIO SOARES DA SILVA","22/11/1954","M","PPS","MT","AGRICULTOR, COMERCIANTE","dep.rogeriosilva@camara.gov.br"
"52","74640","ROLAND LAVIGNE","ROLAND LAVIGNE DO NASCIMENTO","28/04/1962","M","PSDB","BA","Médico","dep.rolandlavigne@camara.gov.br"
"52","74759","ROMEL ANIZIO","ROMEL ANIZIO JORGE","01/05/1946","M","PP","MG","Empresário Rural e Agropecuarista","dep.romelanizio@camara.gov.br"
"52","74591","ROMEU QUEIROZ","ROMEU FERREIRA DE QUEIROZ","09/11/1948","M","PTB","MG","Empresário e Advogado","dep.romeuqueiroz@camara.gov.br"
"52","73421","RONALDO CEZAR COELHO","RONALDO CEZAR COELHO","23/03/1947","M","PSDB","RJ","Empresário e advogado","dep.ronaldocezarcoelho@camara.gov.br"
"52","73948","RONALDO DIMAS","RONALDO DIMAS NOGUEIRA PEREIRA","27/04/1961","M","PSDB","TO","ENGENHEIRO","dep.ronaldodimas@camara.gov.br"
"52","74042","RONALDO CUNHA LIMA","RONALDO JOSE DA CUNHA LIMA","18/03/1936","M","PSDB","PB","Advogado","dep.ronaldocunhalima@camara.gov.br"
"52","74813","RONALDO CAIADO","RONALDO RAMOS CAIADO","25/09/1949","M","DEM","GO","Médico, Professor e Produtor Rural","dep.ronaldocaiado@camara.gov.br"
"52","74592","RONALDO VASCONCELLOS","RONALDO VASCONCELLOS NOVAIS","23/04/1950","M","PTB","MG","Engenheiro Eletricista e Professor Universitário","dep.ronaldovasconcellos@camara.gov.br"
"52","133658","CAPITAO WAYNE","ROSE MARX WAYNE DE OLIVEIRA","03/01/1968","M","PSDB","GO","Advogado e Policial Militar","dep.capitaowayne@camara.gov.br"
"52","73507","ROSE DE FREITAS","ROSILDA DE FREITAS","23/01/1949","F","PMDB","ES","Professora, Radialista, Jornalista , Desenhista - Projetista e Agrimensora.","dep.rosedefreitas@camara.gov.br"
"52","74790","NEUTON LIMA","RUBENEUTON OLIVEIRA LIMA","27/04/1965","M","PTB","SP","Advogado","dep.neutonlima@camara.gov.br"
"52","74371","RUBENS OTONI","RUBENS OTONI GOMIDE","06/02/1956","M","PT","GO","Professor Universitário, Consultor Jurídico e Consultor de Empresas.","dep.rubensotoni@camara.gov.br"
"52","74434","SALATIEL CARVALHO","SALATIEL SOUZA CARVALHO","05/04/1954","M","DEM","PE","Engenheiro Elétrico","dep.salatielcarvalho@camara.gov.br"
"52","73559","SALVADOR ZIMBALDI","SALVADOR ZIMBALDI FILHO","05/06/1955","M","PSB","SP","Servidor Público","dep.salvadorzimbaldi@camara.gov.br"
"52","74039","SANDRA ROSADO","SANDRA MARIA DA ESCOSSIA ROSADO","23/05/1951","F","PSB","RN","ASSISTENTE SOCIAL E ADVOGADA","dep.sandrarosado@camara.gov.br"
"52","73676","SANDRO MABEL","SANDRO ANTONIO SCODRO","31/12/1958","M","PR","GO","EMPRESARIO","dep.sandromabel@camara.gov.br"
"52","74258","SANDRO MATOS","SANDRO MATOS PEREIRA","22/04/1970","M","PR","RJ","Empresário","dep.sandromatos@camara.gov.br"
"52","73663","BARBOSA NETO","SEBASTIAO AUGUSTO BARBOSA NETO","03/02/1964","M","PSB","GO","Servidor Público","dep.barbosaneto@camara.gov.br"
"52","74211","SEBASTIAO MADEIRA","SEBASTIAO TORRES MADEIRA","29/12/1949","M","PSDB","MA","Médico","dep.sebastiaomadeira@camara.gov.br"
"52","74403","SELMA SCHONS","SELMA MARIA SCHONS","22/06/1948","F","PT","PR","Professora","dep.selmaschons@camara.gov.br"
"52","74533","SERGIO BARRADAS CARNEIRO","SERGIO BARRADAS CARNEIRO","14/10/1960","M","PT","BA","

    ","dep.sergiobarradascarneiro@camara.gov.br"
"52","74763","SERGIO MIRANDA","SERGIO MIRANDA DE MATOS BRITO","23/11/1947","M","PDT","MG","Professor e Instrutor de Formação Profissional","dep.sergiomiranda@camara.gov.br"
"52","74497","SERGIO CAIADO","SERGIO RAMOS CAIADO","28/01/1950","M","PP","GO","Agropecuarista e Advogado.","dep.sergiocaiado@camara.gov.br"
"52","74360","SERGIO CARVALHO","SERGIO SIQUEIRA DE CARVALHO","25/03/1955","M","PSDB","RO","Médico","dep.sergiocarvalho@camara.gov.br"
"52","74641","SEVERIANO ALVES","SEVERIANO ALVES DE SOUZA","12/02/1943","M","PDT","BA","SERVIDOR PUBLICO FEDERAL","dep.severianoalves@camara.gov.br"
"52","74436","SEVERINO CAVALCANTI","SEVERINO JOSE CAVALCANTI FERREIRA","18/12/1930","M","PP","PE","

    ","dep.severinocavalcanti@camara.gov.br"
"52","74765","SILAS BRASILEIRO","SILAS BRASILEIRO","22/10/1943","M","PMDB","MG","Empresário e Produtor Rural","dep.silasbrasileiro@camara.gov.br"
"52","74356","SILAS CAMARA","SILAS CAMARA","15/12/1962","M","PTB","AM","Empresário","dep.silascamara@camara.gov.br"
"52","73560","SILVIO TORRES","SILVIO FRANCA TORRES","01/06/1946","M","PSDB","SP","JORNALISTA E EMPRESÁRIO","dep.silviotorres@camara.gov.br"
"52","73424","SIMAO SESSIM","SIMAO SESSIM","08/12/1935","M","PP","RJ","Professor e Advogado","dep.simaosessim@camara.gov.br"
"52","74492","SIMPLICIO MARIO","SIMPLICIO MARIO DE OLIVEIRA","02/05/1952","M","PT","PI","Bancário.","dep.simpliciomario@camara.gov.br"
"52","73577","TARCISIO ZIMMERMANN","TARCISIO JOAO ZIMERMMANN","24/07/1954","M","PT","RS","SOCIÓLOGO","dep.tarcisiozimmermann@camara.gov.br"
"52","73561","TELMA DE SOUZA","TELMA SANDRA AUGUSTO DE SOUZA","29/09/1944","F","PT","SP","Advogada, Pedagoga e Professora","dep.telmadesouza@camara.gov.br"
"52","74029","TEREZINHA FERNANDES","TEREZINHA DAS NEVES PEREIRA","29/10/1955","F","PT","MA","OUTROS","dep.terezinhafernandes@camara.gov.br"
"52","134116","THAIS BARBOSA","THAIS BERGO DUARTE BARBOSA","01/11/1940","F","PMDB","MT","Empresária e Enfermeira","dep.thaisbarbosa@camara.gov.br"
"52","74286","THELMA DE OLIVEIRA","THELMA PIMENTEL FIGUEIREDO DE OLIVEIRA","30/10/1957","F","PSDB","MT","ENFERMEIRA","dep.thelmadeoliveira@camara.gov.br"
"52","73442","CORAUCI SOBRINHO","VALDEMAR CORAUCI SOBRINHO","24/08/1945","M","DEM","SP","Professor Universitário, Advogado, Administrador de Empresas e Contador","dep.coraucisobrinho@camara.gov.br"
"52","73565","VALDEMAR COSTA NETO","VALDEMAR COSTA NETO","11/08/1949","M","PL","SP","Administrador de Empresas","dep.valdemarcostaneto@camara.gov.br"
"52","74070","VALDENOR GUEDES","VALDENOR GUEDES SOARES","31/01/1954","M","PSC","AP","

    ","dep.valdenorguedes@camara.gov.br"
"52","74010","VALDIR COLATTO","VALDIR COLATTO","15/10/1949","M","PMDB","SC","Engenheiro Agrônomo","dep.valdircolatto@camara.gov.br"
"52","74376","VANDER LOUBET","VANDER LUIZ DOS SANTOS LOUBET","22/01/1964","M","PT","MS","Bancário e Funcionário Público.","dep.vanderloubet@camara.gov.br"
"52","74282","VANDERLEI ASSIS","VANDERLEI ASSIS DE SOUZA","29/10/1945","M","PP","SP","MEDICO","dep.vanderleiassis@camara.gov.br"
"52","74702","WANDERVAL SANTOS","VANDERVAL LIMA DOS SANTOS","09/10/1956","M","PR","SP","Empresário e Radialista","dep.wandervalsantos@camara.gov.br"
"52","74357","VANESSA GRAZZIOTIN","VANESSA GRAZZIOTIN","29/06/1961","F","PCdoB","AM","Farmacêutica e Professora","dep.vanessagrazziotin@camara.gov.br"
"52","137759","VICENTE CHELOTTI","VICENTE CHELOTTI","27/09/1950","M","PMDB","DF","

    ","dep.vicentechelotti@camara.gov.br"
"52","73566","VICENTE CASCIONE","VICENTE FERNANDES CASCIONE","14/07/1942","M","PTB","SP","ADVOGADO","dep.vicentecascione@camara.gov.br"
"52","74308","VICENTE ARRUDA","VICENTE FERREIRA DE ARRUDA COELHO","17/05/1929","M","PSDB","CE","Advogado, Cientista Político e Jornalista","dep.vicentearruda@camara.gov.br"
"52","74283","VICENTINHO","VICENTE PAULO DA SILVA","08/04/1956","M","PT","SP","Bacharel em Direito e Metalúrgico.","dep.vicentinho@camara.gov.br"
"52","74087","VIC PIRES FRANCO","VICTOR PIRES FRANCO NETO","18/06/1960","M","DEM","PA","Jornalista","dep.vicpiresfranco@camara.gov.br"
"52","73677","VILMAR ROCHA","VILMAR DA SILVA ROCHA","14/02/1951","M","DEM","GO","Advogado, Professor Universitário","dep.vilmarrocha@camara.gov.br"
"52","74593","VIRGILIO GUIMARAES","VIRGILIO GUIMARAES DE PAULA","05/09/1949","M","PT","MG","Economista","dep.virgilioguimaraes@camara.gov.br"
"52","74768","VITTORIO MEDIOLI","VITTORIO MEDIOLI","03/05/1951","M","PV","MG","Empresário","dep.vittoriomedioli@camara.gov.br"
"52","74482","RUBINELLI","WAGNER RUBINELLI","22/02/1964","M","PT","SP","ADVOGADO","dep.rubinelli@camara.gov.br"
"52","73456","WALDEMIR MOKA","WALDEMIR MOKA MIRANDA DE BRITTO","10/10/1951","M","PMDB","MS","Médico e Professor","dep.waldemirmoka@camara.gov.br"
"52","133370","WALTER BARELLI","WALTER BARELLI","25/07/1938","M","PSDB","SP","Economista e Professor Universitário","dep.walterbarelli@camara.gov.br"
"52","74218","WALTER PINHEIRO","WALTER DE FREITAS PINHEIRO","25/05/1959","M","PT","BA","Técnico em Telecomunicações","dep.walterpinheiro@camara.gov.br"
"52","74284","WALTER FELDMAN","WALTER MEYER FELDMAN","29/01/1954","M","PSDB","SP","MEDICO","dep.walterfeldman@camara.gov.br"
"52","74172","DELEY","WANDERLEY ALVES DE OLIVEIRA","28/08/1959","M","PSC","RJ","ATLETA PROFISSIONAL E TECNICO EM DESPORTOS","dep.deley@camara.gov.br"
"52","74481","WASNY DE ROURE","WASNY NAKLE DE ROURE","10/05/1951","M","PT","DF","

    ","dep.wasnyderoure@camara.gov.br"
"52","73653","WELLINGTON FAGUNDES","WELLINGTON ANTONIO FAGUNDES","01/06/1957","M","PR","MT","Médico Veterinário e Comerciante","dep.wellingtonfagundes@camara.gov.br"
"52","74863","MOREIRA FRANCO","WELLINGTON MOREIRA FRANCO","19/10/1944","M","PMDB","RJ","SOCIOLOGO","dep.moreirafranco@camara.gov.br"
"52","73991","WILSON CIGNACHI","WILSON JOAO CIGNACHI","29/10/1945","M","PMDB","RS","EMPRESARIO","dep.wilsoncignachi@camara.gov.br"
"52","74801","WILSON SANTOS","WILSON PEREIRA DOS SANTOS","26/08/1961","M","PSDB","MT","Professor","dep.wilsonsantos@camara.gov.br"
"52","73930","WLADIMIR COSTA","WLADIMIR AFONSO DA COSTA RABELO","16/01/1964","M","PMDB","PA","LOCUTOR E COMENTARISTA DE RADIO E TELEVISAO E RADIALISTA","dep.wladimircosta@camara.gov.br"
"52","73992","YEDA CRUSIUS","YEDA RORATO CRUSIUS","26/07/1944","F","PSDB","RS","Economista e Professora","dep.yedacrusius@camara.gov.br"
"52","74144","ZELINDA NOVAES","ZELINDA NOVAES E SILVA JARSKE","25/12/1944","F","DEM","BA","Bacharel em Direito","dep.zelindanovaes@camara.gov.br"
"52","74354","ZENALDO COUTINHO","ZENALDO RODRIGUES COUTINHO JUNIOR","04/02/1961","M","PSDB","PA","Advogado","dep.zenaldocoutinho@camara.gov.br"
"52","73645","ZULAIE COBRA","ZULAIE COBRA RIBEIRO","18/11/1943","F","PSDB","SP","ADVOGADA","dep.zulaiecobra@camara.gov.br"
