"numLegislatura","ideCadastro","Nome Parlamentar","Nome","dataNascimento","sexo","partidoAtual","ufRepresentacaoAtual","nomeProfissao","email"
"54","73764","ABELARDO LUPION","ABELARDO LUIZ LUPION MELLO","25/08/1952","M","DEM","PR","Agropecuarista e Empresário","dep.abelardolupion@camara.gov.br"
"54","161907","ACELINO POPO","ACELINO FREITAS","21/09/1975","M","PRB","BA","

    ","dep.acelinopopo@camara.gov.br"
"54","133374","ADEMIR CAMILO","ADEMIR CAMILO PRATES RODRIGUES","30/05/1964","M","PROS","MG","Médico, Advogado","dep.ademircamilo@camara.gov.br"
"54","141371","DR. ADILSON SOARES","ADILSON SOARES","11/09/1940","M","PR","RJ","ADVOGADO","dep.dr.adilsonsoares@camara.gov.br"
"54","160577","ADRIAN","ADRIAN MUSSI RAMOS","11/03/1967","M","PMDB","RJ","

    ","dep.adrian@camara.gov.br"
"54","160532","ELI CORREA FILHO","ADRIANO ELI CORREA","13/01/1976","M","DEM","SP","Radialista","dep.elicorreafilho@camara.gov.br"
"54","141372","AELTON FREITAS","AELTON JOSE DE FREITAS","15/12/1961","M","PR","MG","PRODUTOR RURAL, EMPRESÁRIO, ENGENHEIRO AGRÔNOMO","dep.aeltonfreitas@camara.gov.br"
"54","160508","AFONSO FLORENCE","AFONSO BANDEIRA FLORENCE","15/10/1960","M","PT","BA","Professor de História, Servidor Público","dep.afonsoflorence@camara.gov.br"
"54","160527","AGUINALDO RIBEIRO","AGUINALDO VELLOSO BORGES RIBEIRO","13/02/1969","M","PP","PB","Administrador","dep.aguinaldoribeiro@camara.gov.br"
"54","173269","AKIRA OTSUBO","AKIRA OTSUBO","15/01/1938","M","PMDB","MS","

    ","dep.akiraotsubo@camara.gov.br"
"54","74696","ALBERTO MOURAO","ALBERTO PEREIRA MOURAO","26/04/1954","M","PSDB","SP","

    ","dep.albertomourao@camara.gov.br"
"54","160559","ALCEU MOREIRA","ALCEU MOREIRA DA SILVA","04/06/1954","M","PMDB","RS","Comerciante","dep.alceumoreira@camara.gov.br"
"54","160511","ALESSANDRO MOLON","ALESSANDRO LUCCIOLA MOLON","28/10/1971","M","PT","RJ","Advogado, Professor Universitário","dep.alessandromolon@camara.gov.br"
"54","73458","ALEX CANZIANI","ALEX CANZIANI SILVEIRA","11/06/1964","M","PTB","PR","Registrador de Imóveis","dep.alexcanziani@camara.gov.br"
"54","74829","ALEXANDRE CARDOSO","ALEXANDRE AGUIAR CARDOSO","03/05/1952","M","PSB","RJ","Médico","dep.alexandrecardoso@camara.gov.br"
"54","169712","ALEXANDRE TOLEDO","ALEXANDRE DE MELO TOLEDO","28/03/1956","M","PSB","AL","

    ","dep.alexandretoledo@camara.gov.br"
"54","74830","ALEXANDRE SANTOS","ALEXANDRE JOSE DOS SANTOS","04/09/1954","M","PMDB","RJ","Empresário","dep.alexandresantos@camara.gov.br"
"54","160545","ALEXANDRE LEITE","ALEXANDRE LEITE DA SILVA","18/04/1989","M","DEM","SP","Empresário","dep.alexandreleite@camara.gov.br"
"54","160579","ALEXANDRE ROSO","ALEXANDRE RUBIO ROSO","12/11/1964","M","PSB","RS","Médico","dep.alexandreroso@camara.gov.br"
"54","141374","ALEXANDRE SILVEIRA","ALEXANDRE SILVEIRA DE OLIVEIRA","15/07/1970","M","PSD","MG","COMERCIANTE, FUNCIONÁRIO PÚBLICO","dep.alexandresilveira@camara.gov.br"
"54","116663","ALFREDO SIRKIS","ALFREDO HELIO SYRKIS","08/12/1950","M","PSB","RJ","Jornalista","dep.alfredosirkis@camara.gov.br"
"54","74057","ALICE PORTUGAL","ALICE MAZZUCO PORTUGAL","16/05/1959","F","PCdoB","BA","Química Industrial e Farmacêutica Bioquímica","dep.aliceportugal@camara.gov.br"
"54","141375","ALINE CORREA","ALINE LEMOS CORREA DE OLIVEIRA ANDRADE","25/03/1973","F","PP","SP","Empresária","dep.alinecorrea@camara.gov.br"
"54","160529","DR. ALUIZIO","ALUIZIO DOS SANTOS JUNIOR","13/07/1968","M","PV","RJ","Médico","dep.dr.aluizio@camara.gov.br"
"54","160603","AMAURI TEIXEIRA","AMAURI SANTOS TEIXEIRA","01/12/1957","M","PT","BA","Auditor-fiscal","dep.amauriteixeira@camara.gov.br"
"54","174861","AMIR LANDO","AMIR FRANCISCO LANDO","25/04/1944","M","PMDB","RO","

    ","dep.amirlando@camara.gov.br"
"54","141377","ANA ARRAES","ANA LUCIA ARRAES DE ALENCAR","28/07/1947","F","PSB","PE","Advogado","dep.anaarraes@camara.gov.br"
"54","160551","ANDERSON FERREIRA","ANDERSON FERREIRA RODRIGUES","10/12/1972","M","PR","PE","

    ","dep.andersonferreira@camara.gov.br"
"54","74471","ANDRE DE PAULA","ANDRE CARLOS ALVES DE PAULA FILHO","22/07/1961","M","PSD","PE","Advogado.","dep.andredepaula@camara.gov.br"
"54","160543","ANDRE MOURA","ANDRE LUIS DANTAS FERREIRA","23/02/1972","M","PSC","SE","Político","dep.andremoura@camara.gov.br"
"54","141378","ANDRE VARGAS","ANDRE LUIZ VARGAS ILARIO","02/03/1964","M","PT","PR","Comerciante","dep.andrevargas@camara.gov.br"
"54","133439","ANDRE FIGUEIREDO","ANDRE PEIXOTO FIGUEIREDO LIMA","10/11/1966","M","PDT","CE","Advogado, Economista, Empresário","dep.andrefigueiredo@camara.gov.br"
"54","161905","ANDRE DIAS","ANDRE TEIXEIRA DIAS","12/12/1960","M","PSDB","PA","

    ","dep.andredias@camara.gov.br"
"54","74377","ANDRE ZACHAROW","ANDRE ZACHAROW","07/07/1939","M","PMDB","PR","Advogado, Economista, Professor","dep.andrezacharow@camara.gov.br"
"54","141379","ANDREIA ZITO","ANDREIA ALMEIDA ZITO DOS SANTOS","13/07/1974","F","PSDB","RJ","Bacharel em Direito","dep.andreiazito@camara.gov.br"
"54","141381","ANGELO VANHONI","ANGELO CARLOS VANHONI","19/06/1955","M","PT","PR","BANCÁRIO","dep.angelovanhoni@camara.gov.br"
"54","74212","ANIBAL GOMES","ANIBAL FERREIRA GOMES","07/06/1953","M","PMDB","CE","Cirurgião-Dentista e Agropecuarista","dep.anibalgomes@camara.gov.br"
"54","73937","ANSELMO DE JESUS","ANSELMO DE JESUS ABREU","25/12/1952","M","PT","RO","AGRICULTOR","dep.anselmodejesus@camara.gov.br"
"54","160539","ANTHONY GAROTINHO","ANTHONY WILLIAM GAROTINHO MATHEUS DE OLIVEIRA","18/04/1960","M","PR","RJ","Radialista","dep.anthonygarotinho@camara.gov.br"
"54","123756","ANTONIA LUCIA","ANTONIA LUCILEIA CRUZ RAMOS CAMARA","17/07/1970","F","PSC","AC","Economista","dep.antonialucia@camara.gov.br"
"54","74213","ANTONIO BALHMANN","ANTONIO BALHMANN CARDOSO NUNES FILHO","22/08/1949","M","PROS","CE","Engenheiro Mecânico","dep.antoniobalhmann@camara.gov.br"
"54","74373","BIFFI","ANTONIO CARLOS BIFFI","09/03/1952","M","PT","MS","PROFESSOR DE ENSINO DE PRIMEIRO E SEGUNDO GRAUS","dep.biffi@camara.gov.br"
"54","73584","ANTONIO CARLOS MENDES THAME","ANTONIO CARLOS DE MENDES THAME","13/06/1946","M","PSDB","SP","Professor Universitário.","dep.antoniocarlosmendesthame@camara.gov.br"
"54","141383","ANTONIO BULHOES","ANTONIO CARLOS MARTINS DE BULHOES","05/05/1968","M","PRB","SP","Apresentador de Televisão, Administrador, Teólogo e Bispo Evangélico","dep.antoniobulhoes@camara.gov.br"
"54","74058","ANTONIO CARLOS MAGALHAES NETO","ANTONIO CARLOS PEIXOTO DE MAGALHAES NETO","26/01/1979","M","DEM","BA","Advogado","dep.antoniocarlosmagalhaesneto@camara.gov.br"
"54","141384","VALADARES FILHO","ANTONIO CARLOS VALADARES FILHO","01/10/1980","M","PSB","SE","ADMINISTRADOR DE EMPRESAS","dep.valadaresfilho@camara.gov.br"
"54","74016","COSTA FERREIRA","ANTONIO DA CONCEICAO COSTA FERREIRA","28/07/1939","M","PSC","MA","Advogado, Torneiro Mecânico e Professor","dep.costaferreira@camara.gov.br"
"54","141385","DUARTE NOGUEIRA","ANTONIO DUARTE NOGUEIRA JUNIOR","16/05/1964","M","PSDB","SP","Agricultor, Pecuarista e Engenheiro Agrônomo","dep.duartenogueira@camara.gov.br"
"54","141386","EUDES XAVIER","ANTONIO EUDES XAVIER","11/09/1964","M","PT","CE","Comerciário","dep.eudesxavier@camara.gov.br"
"54","141387","ANTONIO ANDRADE","ANTONIO EUSTAQUIO ANDRADE FERREIRA","18/06/1953","M","PMDB","MG","Engenheiro Civil e Produtor Rural","dep.antonioandrade@camara.gov.br"
"54","160530","ANTONIO IMBASSAHY","ANTONIO JOSE IMBASSAHY DA SILVA","12/03/1948","M","PSDB","BA","Engenheiro Eletricista","dep.antonioimbassahy@camara.gov.br"
"54","160553","ANTONIO BRITO","ANTONIO LUIZ PARANHOS RIBEIRO LEITE DE BRITO","17/01/1969","M","PTB","BA","Administrador de Empresas","dep.antoniobrito@camara.gov.br"
"54","160611","TONINHO PINHEIRO","ANTONIO PINHEIRO JUNIOR","23/04/1960","M","PP","MG","Comerciante","dep.toninhopinheiro@camara.gov.br"
"54","141390","ANTONIO ROBERTO","ANTONIO ROBERTO SOARES","20/06/1942","M","PV","MG","CONSULTOR EMPRESARIAL EM COMPORTAMENTO HUMANO, ADMINISTRADOR","dep.antonioroberto@camara.gov.br"
"54","74648","ARACELY DE PAULA","ARACELY DE PAULA","03/05/1941","M","PR","MG","Advogado","dep.aracelydepaula@camara.gov.br"
"54","73433","ARLINDO CHINAGLIA","ARLINDO CHIGNALIA JUNIOR","24/12/1949","M","PT","SP","Médico","dep.arlindochinaglia@camara.gov.br"
"54","74405","ARMANDO ABILIO","ARMANDO ABILIO VIEIRA","29/12/1944","M","PTB","PB","Médico","dep.armandoabilio@camara.gov.br"
"54","160546","ARMANDO VERGILIO","ARMANDO VERGILIO DOS SANTOS JUNIOR","03/08/1965","M","SD","GO","Corretor de Seguros","dep.armandovergilio@camara.gov.br"
"54","141391","ARNALDO JARDIM","ARNALDO CALIL PEREIRA JARDIM","08/05/1955","M","PPS","SP","Engeheiro Civil e Professor","dep.arnaldojardim@camara.gov.br"
"54","73434","ARNALDO FARIA DE SA","ARNALDO FARIA DE SA","30/12/1945","M","PTB","SP","Contabilista, Radialista, Professor e Advogado","dep.arnaldofariadesa@camara.gov.br"
"54","160602","ARNALDO JORDY","ARNALDO JORDY FIGUEIREDO","30/11/1958","M","PPS","PA","Político","dep.arnaldojordy@camara.gov.br"
"54","74833","AROLDE DE OLIVEIRA","AROLDE DE OLIVEIRA","11/03/1937","M","PSD","RJ","Engenheiro, Economista e Professor","dep.aroldedeoliveira@camara.gov.br"
"54","160541","ARTHUR LIRA","ARTHUR CESAR PEREIRA DE LIRA","25/06/1969","M","PP","AL","Agropecuarista, Bacharel em Direito, Empresário","dep.arthurlira@camara.gov.br"
"54","160600","ARTHUR OLIVEIRA MAIA","ARTHUR DE OLIVEIRA MAIA DA SILVA","17/08/1964","M","SD","BA","Advogado","dep.arthuroliveiramaia@camara.gov.br"
"54","160678","ARTUR BRUNO","ARTUR JOSE VIEIRA BRUNO","04/08/1959","M","PT","CE","Educador","dep.arturbruno@camara.gov.br"
"54","74222","ASDRUBAL BENTES","ASDRUBAL MENDES BENTES","27/07/1939","M","PMDB","PA","Advogado e Servidor Público","dep.asdrubalbentes@camara.gov.br"
"54","160581","ASSIS MELO","ASSIS FLAVIO DA SILVA MELO","14/09/1962","M","PCdoB","RS","Metalúrgico","dep.assismelo@camara.gov.br"
"54","74378","ASSIS DO COUTO","ASSIS MIGUEL DO COUTO","17/10/1961","M","PT","PR","AGRICULTOR","dep.assisdocouto@camara.gov.br"
"54","74459","ATILA LIRA","ATILA FREITAS LIRA","07/04/1947","M","PSB","PI","Administrador de Empresas e Economista","dep.atilalira@camara.gov.br"
"54","74090","ATILA LINS","ATILA SIDNEY LINS ALBUQUERQUE","22/11/1950","M","PSD","AM","Bacharel em Direito, graduado pela Universidade Federal do Amazonas em 1.976; Advogado com inscrição na OAB/AM nº 1.000 ; Bacharel em Economia, graduado pela Universidade Federal do Amazonas em 1.986; Auditor Concursado do TCE/AM, 1.977","dep.atilalins@camara.gov.br"
"54","160680","AUDIFAX","AUDIFAX CHARLES PIMENTEL BARCELOS","09/05/1964","M","PSB","ES","Administrador, Economista","dep.audifax@camara.gov.br"
"54","160665","AUGUSTO COUTINHO","AUGUSTO RODRIGUES COUTINHO DE MELO","22/10/1962","M","SD","PE","Engenheiro Civil","dep.augustocoutinho@camara.gov.br"
"54","73655","AUGUSTO CARVALHO","AUGUSTO SILVEIRA DE CARVALHO","27/07/1953","M","SD","DF","

    ","dep.augustocarvalho@camara.gov.br"
"54","160512","AUREO","AUREO LIDIO MOREIRA RIBEIRO","17/02/1979","M","SD","RJ","Empresário","dep.aureo@camara.gov.br"
"54","73701","BENEDITA DA SILVA","BENEDITA SOUZA DA SILVA SAMPAIO","26/04/1942","F","PT","RJ","Assistente Social, Auxiliar de Enfermagem, Professor, Servidor Público","dep.beneditadasilva@camara.gov.br"
"54","74040","BENJAMIN MARANHAO","BENJAMIN GOMES MARANHAO NETO","30/11/1971","M","SD","PB","Cirurgião-Dentista","dep.benjaminmaranhao@camara.gov.br"
"54","73464","OLIVEIRA FILHO","BERNARDINO BARRETO DE OLIVEIRA","15/04/1957","M","PRB","PR","

    ","dep.oliveirafilho@camara.gov.br"
"54","109152","BERNARDO SANTANA DE VASCONCELLOS","BERNARDO DE VASCONCELLOS MOREIRA","08/12/1975","M","PR","MG","Advogado","dep.bernardosantanadevasconcellos@camara.gov.br"
"54","74650","BONIFACIO DE ANDRADA","BONIFACIO JOSE TAMM DE ANDRADA","14/05/1930","M","PSDB","MG","ADVOGADO E PROFESSOR UNIVERSITÁRIO","dep.bonifaciodeandrada@camara.gov.br"
"54","160589","BRUNA FURLAN","BRUNA DIAS FURLAN","28/04/1983","F","PSDB","SP","

    ","dep.brunafurlan@camara.gov.br"
"54","141394","BRUNO ARAUJO","BRUNO CAVALCANTI DE ARAUJO","15/03/1972","M","PSDB","PE","ADVOGADO","dep.brunoaraujo@camara.gov.br"
"54","141395","CAMILO COLA","CAMILO COLA","26/07/1923","M","PMDB","ES","

    ","dep.camilocola@camara.gov.br"
"54","141396","CANDIDO VACCAREZZA","CANDIDO ELPIDIO DE SOUZA VACCAREZZA","26/09/1955","M","PT","SP","Médico Ginecologista e Obstetra","dep.candidovaccarezza@camara.gov.br"
"54","160585","CARLAILE PEDROSA","CARLAILE JESUS PEDROSA","03/10/1950","M","PSDB","MG","Comerciante","dep.carlailepedrosa@camara.gov.br"
"54","73934","CARLOS SOUZA","CARLOS ALBERTO CAVALCANTE DE SOUZA","17/08/1952","M","PSD","AM","Biólogo, Professor, Radialista","dep.carlossouza@camara.gov.br"
"54","74321","BETINHO ROSADO","CARLOS ALBERTO DE SOUSA ROSADO","23/12/1948","M","PP","RN","Professor Universitário, Engenheiro Agrônomo e Economista","dep.betinhorosado@camara.gov.br"
"54","74290","CARLOS ALBERTO LEREIA","CARLOS ALBERTO LEREIA DA SILVA","19/06/1961","M","PSDB","GO","Radialista","dep.carlosalbertolereia@camara.gov.br"
"54","118384","DR. CARLOS ALBERTO","CARLOS ALBERTO LOPES","29/09/1945","M","PMN","RJ","

    ","dep.dr.carlosalberto@camara.gov.br"
"54","141398","CARLOS ZARATTINI","CARLOS ALBERTO ROLIM ZARATTINI","08/06/1959","M","PT","SP","ECONOMISTA","dep.carloszarattini@camara.gov.br"
"54","141399","BRIZOLA NETO","CARLOS DAUDT BRIZOLA","11/10/1978","M","PDT","RJ","

    ","dep.brizolaneto@camara.gov.br"
"54","74651","CARLOS MELLES","CARLOS DO CARMO ANDRADE MELLES","11/03/1947","M","DEM","MG","Engenheiro Agrônomo e Empresário","dep.carlosmelles@camara.gov.br"
"54","74474","CARLOS EDUARDO CADOCA","CARLOS EDUARDO CINTRA DA COSTA PEREIRA","23/04/1940","M","PCdoB","PE","Advogado","dep.carloseduardocadoca@camara.gov.br"
"54","73945","EDUARDO GOMES","CARLOS EDUARDO TORRES GOMES","28/04/1966","M","SD","TO","SERVIDOR PUBLICO ESTADUAL","dep.eduardogomes@camara.gov.br"
"54","141400","VIEIRA DA CUNHA","CARLOS EDUARDO VIEIRA DA CUNHA","31/03/1960","M","PDT","RS","PROCURADOR DE JUSTIÇA","dep.vieiradacunha@camara.gov.br"
"54","141401","CARLOS BEZERRA","CARLOS GOMES BEZERRA","04/11/1941","M","PMDB","MT","Industrial, Advogado e Professor","dep.carlosbezerra@camara.gov.br"
"54","74262","CARLOS SAMPAIO","CARLOS HENRIQUE FOCESI SAMPAIO","31/03/1963","M","PSDB","SP","Promotor de Justiça.","dep.carlossampaio@camara.gov.br"
"54","74163","MANATO","CARLOS HUMBERTO MANNATO","07/08/1957","M","SD","ES","MEDICO","dep.manato@camara.gov.br"
"54","160584","CARLINHOS ALMEIDA","CARLOS JOSE DE ALMEIDA","25/06/1963","M","PT","SP","Professor","dep.carlinhosalmeida@camara.gov.br"
"54","160605","CARLOS MAGNO","CARLOS MAGNO RAMOS","16/06/1958","M","PP","RO","Técnico em Agropecuária","dep.carlosmagno@camara.gov.br"
"54","73588","MAURO BENEVIDES","CARLOS MAURO CABRAL BENEVIDES","21/03/1930","M","PMDB","CE","ADVOGADO, PROFESSOR, ADMINISTRADOR E

JORNALISTA","dep.maurobenevides@camara.gov.br"
"54","141402","CARLOS BRANDAO","CARLOS ORLEANS BRANDAO JUNIOR","02/06/1958","M","PSDB","MA","FUNCIONÁRIO PÚBLICO, EMPRESÁRIO","dep.carlosbrandao@camara.gov.br"
"54","165583","CARLOS ROBERTO","CARLOS ROBERTO DE CAMPOS","25/12/1955","M","PSDB","SP","Industrial","dep.carlosroberto@camara.gov.br"
"54","141403","RATINHO JUNIOR","CARLOS ROBERTO MASSA JUNIOR","19/04/1981","M","PSC","PR","Empresário, Diretor de Empresas e Comunicador","dep.ratinhojunior@camara.gov.br"
"54","164360","CARMEN ZANOTTO","CARMEN EMILIA BONFA ZANOTTO","06/10/1962","F","PPS","SC","Enfermeira","dep.carmenzanotto@camara.gov.br"
"54","160624","CELIA ROCHA","CELIA MARIA BARBOSA ROCHA","29/10/1952","F","PTB","AL","Médico","dep.celiarocha@camara.gov.br"
"54","73568","CELSO JACOB","CELSO ALENCAR RAMOS JACOB","19/01/1957","M","PMDB","RJ","

    ","dep.celsojacob@camara.gov.br"
"54","141405","CELSO MALDANER","CELSO MALDANER","30/08/1953","M","PMDB","SC","ECONOMISTA, EMPRESÁRIO","dep.celsomaldaner@camara.gov.br"
"54","160576","CESAR HALUM","CESAR HANNA HALUM","10/03/1954","M","PRB","TO","Médico Veterinário","dep.cesarhalum@camara.gov.br"
"54","160664","CESAR COLNAGO","CESAR ROBERTO COLNAGHI","22/07/1958","M","PSDB","ES","Médico","dep.cesarcolnago@camara.gov.br"
"54","74379","CEZAR SILVESTRI","CEZAR AUGUSTO CAROLLO SILVESTRI","01/08/1954","M","PPS","PR","ENGENHEIRO","dep.cezarsilvestri@camara.gov.br"
"54","160557","CLAUDIO PUTY","CLAUDIO ALBERTO CASTELO BRANCO PUTY","02/08/1970","M","PT","PA","Economista, Eletricitário, Professor Universitário","dep.claudioputy@camara.gov.br"
"54","74537","CLAUDIO CAJADO","CLAUDIO CAJADO SAMPAIO","01/12/1963","M","DEM","BA","Advogado","dep.claudiocajado@camara.gov.br"
"54","141408","CLEBER VERDE","CLEBER VERDE CORDEIRO MENDES","10/05/1972","M","PRB","MA","Vendedor Autônomo, Professor, Servidor Público, Político e Bacharel em Direito","dep.cleberverde@camara.gov.br"
"54","160614","ROSANE FERREIRA","CLEUSA ROSANE RIBAS FERREIRA","31/07/1963","F","PV","PR","Enfermeira","dep.rosaneferreira@camara.gov.br"
"54","74230","COLBERT MARTINS","COLBERT MARTINS DA SILVA FILHO","02/10/1952","M","PMDB","BA","Médico","dep.colbertmartins@camara.gov.br"
"54","114586","CRISTIANO","CRISTIANO JOSE RODRIGUES DE SOUZA","23/03/1978","M","PTdoB","RJ","Técnico em Contabilidade","dep.cristiano@camara.gov.br"
"54","74467","DAMIAO FELICIANO","DAMIAO FELICIANO DA SILVA","28/04/1952","M","PDT","PB","Médico, Empresário e Radialista","dep.damiaofeliciano@camara.gov.br"
"54","74060","DANIEL ALMEIDA","DANIEL GOMES DE ALMEIDA","21/01/1955","M","PCdoB","BA","Industriário","dep.danielalmeida@camara.gov.br"
"54","160528","DANILO CABRAL","DANILO JORGE DE BARROS CABRAL","21/04/1967","M","PSB","PE","Advogado","dep.danilocabral@camara.gov.br"
"54","160552","DANRLEI DE DEUS HINTERHOLZ","DANRLEI DE DEUS HINTERHOLZ","18/04/1973","M","PSD","RS","Atleta Profissional de Futebol","dep.danrleidedeushinterholz@camara.gov.br"
"54","73891","DARCISIO PERONDI","DARCISIO PAULO PERONDI","02/04/1947","M","PMDB","RS","Médico","dep.darcisioperondi@camara.gov.br"
"54","141412","DAVI ALVES SILVA JUNIOR","DAVI ALVES SILVA JUNIOR","22/11/1976","M","PR","MA","

    ","dep.davialvessilvajunior@camara.gov.br"
"54","73924","DAVI ALCOLUMBRE","DAVID SAMUEL ALCOLUMBRE TOBELEM","19/06/1977","M","DEM","AP","COMERCIANTE","dep.davialcolumbre@camara.gov.br"
"54","141413","DECIO LIMA","DECIO NERY DE LIMA","01/10/1960","M","PT","SC","Professor de Ensino Médio e Advogado","dep.deciolima@camara.gov.br"
"54","74264","DEVANIR RIBEIRO","DEVANIR RIBEIRO","02/02/1944","M","PT","SP","APOSENTADO (EXCETO SERVIDOR PUBLICO)","dep.devanirribeiro@camara.gov.br"
"54","160588","DIEGO ANDRADE","DIEGO LEONARDO DE ANDRADE CARVALHO","08/08/1977","M","PSD","MG","Administrador de Empresas","dep.diegoandrade@camara.gov.br"
"54","73768","DILCEU SPERAFICO","DILCEU JOAO SPERAFICO","26/01/1948","M","PP","PR","Industrial, Bacharel em Direito, Filósofo e Agropecuarista","dep.dilceusperafico@camara.gov.br"
"54","170489","DR. DILSON DRUMOND","DILSON MALHEIROS DRUMOND","06/03/1947","M","PDT","RJ","

    ","dep.dr.dilsondrumond@camara.gov.br"
"54","74265","DIMAS RAMALHO","DIMAS EDUARDO RAMALHO","13/08/1954","M","PPS","SP","MEMBRO DO MINISTERIO PUBLICO","dep.dimasramalho@camara.gov.br"
"54","160599","DIMAS FABIANO","DIMAS FABIANO TOLEDO JUNIOR","23/05/1973","M","PP","MG","

    ","dep.dimasfabiano@camara.gov.br"
"54","160535","MARCON","DIONILSO MATEUS MARCON","21/09/1964","M","PT","RS","Agricultor","dep.marcon@camara.gov.br"
"54","74197","DOMINGOS DUTRA","DOMINGOS FRANCISCO DUTRA FILHO","20/03/1956","M","SD","MA","ADVOGADO","dep.domingosdutra@camara.gov.br"
"54","143632","DOMINGOS NETO","DOMINGOS GOMES DE AGUIAR NETO","29/04/1988","M","PROS","CE","Estudante universitário","dep.domingosneto@camara.gov.br"
"54","160758","DOMINGOS SAVIO","DOMINGOS SAVIO CAMPOS RESENDE","25/03/1957","M","PSDB","MG","Médico Veterinário","dep.domingossavio@camara.gov.br"
"54","141417","EDIO LOPES","EDIO VIEIRA LOPES","04/01/1952","M","PMDB","RR","Servidor Público","dep.ediolopes@camara.gov.br"
"54","160616","EDIVALDO HOLANDA JUNIOR","EDIVALDO DE HOLANDA BRAGA JUNIOR","01/07/1978","M","PTC","MA","Bacharel em Direito, Empresário","dep.edivaldoholandajunior@camara.gov.br"
"54","74580","EDMAR MOREIRA","EDMAR BATISTA MOREIRA","25/09/1939","M","PTB","MG","Empresário e Produtor Rural","dep.edmarmoreira@camara.gov.br"
"54","160578","EDMAR ARRUDA","EDMAR DE SOUZA ARRUDA","26/09/1959","M","PSC","PR","Economista","dep.edmararruda@camara.gov.br"
"54","141418","EDSON APARECIDO","EDSON APARECIDO DOS SANTOS","15/09/1957","M","PSDB","SP","HISTORIADOR","dep.edsonaparecido@camara.gov.br"
"54","73793","EDINHO BEZ","EDSON BEZ DE OLIVEIRA","06/03/1950","M","PMDB","SC","Contador e Bancário","dep.edinhobez@camara.gov.br"
"54","73447","EDINHO ARAUJO","EDSON EDINHO COELHO ARAUJO","30/07/1949","M","PMDB","SP","Advogado, Professor","dep.edinhoaraujo@camara.gov.br"
"54","74838","EDSON EZEQUIEL","EDSON EZEQUIEL DE MATOS","13/07/1945","M","PMDB","RJ","Engenheiro e Professor  Universitário","dep.edsonezequiel@camara.gov.br"
"54","160562","GIROTO","EDSON GIROTO","23/09/1959","M","PR","MS","Engenheiro Civil","dep.giroto@camara.gov.br"
"54","160618","EDSON PIMENTA","EDSON SAMPAIO PIMENTA","11/12/1963","M","PSD","BA","Agricultor","dep.edsonpimenta@camara.gov.br"
"54","141419","EDSON SANTOS","EDSON SANTOS DE SOUZA","21/07/1954","M","PT","RJ","

    ","dep.edsonsantos@camara.gov.br"
"54","74106","EDSON SILVA","EDSON SILVA","09/05/1949","M","PROS","CE","Bancário, Jornalista, Radialista","dep.edsonsilva@camara.gov.br"
"54","160647","EDUARDO AZEREDO","EDUARDO BRANDAO DE AZEREDO","09/09/1948","M","PSDB","MG","Analista de Sistemas, Engenheiro Mecânico","dep.eduardoazeredo@camara.gov.br"
"54","74173","EDUARDO CUNHA","EDUARDO COSENTINO DA CUNHA","29/09/1958","M","PMDB","RJ","ECONOMISTA","dep.eduardocunha@camara.gov.br"
"54","74382","EDUARDO SCIARRA","EDUARDO FRANCISCO SCIARRA","05/10/1952","M","PSD","PR","ENGENHEIRO","dep.eduardosciarra@camara.gov.br"
"54","141421","EDUARDO DA FONTE","EDUARDO HENRIQUE DA FONTE DE ALBUQUERQUE SILVA","17/10/1972","M","PP","PE","EMPRESÁRIO","dep.eduardodafonte@camara.gov.br"
"54","74655","EDUARDO BARBOSA","EDUARDO LUIZ BARROS BARBOSA","25/08/1958","M","PSDB","MG","Médico","dep.eduardobarbosa@camara.gov.br"
"54","141422","EFRAIM FILHO","EFRAIM DE ARAUJO MORAIS FILHO","18/03/1979","M","DEM","PB","ADVOGADO","dep.efraimfilho@camara.gov.br"
"54","166727","DRA. ELAINE ABISSAMRA","ELAINE APARECIDA BELLONI ABISSAMRA","08/01/1956","F","PSB","SP","

    ","dep.dra.elaineabissamra@camara.gov.br"
"54","74075","ELCIONE BARBALHO","ELCIONE THEREZINHA ZAHLUTH BARBALHO","05/10/1944","F","PMDB","PA","Pedagoga","dep.elcionebarbalho@camara.gov.br"
"54","154919","ELEUSES PAIVA","ELEUSES VIEIRA DE PAIVA","13/06/1953","M","PSD","SP","

    ","dep.eleusespaiva@camara.gov.br"
"54","162175","ELIANE ROLIM","ELIANE PONTES ROLIM","10/02/1964","F","PT","RJ","

    ","dep.elianerolim@camara.gov.br"
"54","141423","ELIENE LIMA","ELIENE JOSE DE LIMA","09/09/1955","M","PSD","MT","Engenheiro Civil e Professor","dep.elienelima@camara.gov.br"
"54","73892","ELISEU PADILHA","ELISEU LEMOS PADILHA","23/12/1945","M","PMDB","RS","ADVOGADO","dep.eliseupadilha@camara.gov.br"
"54","160538","BOHN GASS","ELVINO JOSE BOHN GASS","05/02/1962","M","PT","RS","Agricultor Familiar, Professor de História","dep.bohngass@camara.gov.br"
"54","74119","EMANUEL FERNANDES","EMANUEL FERNANDES","06/03/1956","M","PSDB","SP","Engenheiro Aeronáutico","dep.emanuelfernandes@camara.gov.br"
"54","154997","EMILIANO JOSE","EMILIANO JOSE DA SILVA FILHO","05/02/1946","M","PT","BA","

    ","dep.emilianojose@camara.gov.br"
"54","73893","ENIO BACCI","ENIO EGON BERGMANN BACCI","19/09/1958","M","PDT","RS","Advogado","dep.eniobacci@camara.gov.br"
"54","160575","ERIKA KOKAY","ERIKA JUCA KOKAY","15/08/1957","F","PT","DF","Bancário","dep.erikakokay@camara.gov.br"
"54","99654","ERIVELTON SANTANA","ERIVELTON LIMA SANTANA","29/01/1965","M","PSC","BA","Assessor Político, Auxiliar de Administração","dep.eriveltonsantana@camara.gov.br"
"54","171782","ERON BEZERRA","ERONILDO BRAGA BEZERRA","09/02/1953","M","PCdoB","AM","

    ","dep.eronbezerra@camara.gov.br"
"54","160640","EROS BIONDINI","EROS FERREIRA BIONDINI","20/05/1971","M","PTB","MG","Médico Veterinário, Músico","dep.erosbiondini@camara.gov.br"
"54","160644","MIRIQUINHO BATISTA","ESMERINO NERI BATISTA FILHO","11/07/1952","M","PT","PA","Professor de Ensino Médio","dep.miriquinhobatista@camara.gov.br"
"54","160649","ESPERIDIAO AMIN","ESPERIDIAO AMIN HELOU FILHO","21/12/1947","M","PP","SC","Administrador, Advogado, Professor Universitário","dep.esperidiaoamin@camara.gov.br"
"54","171621","EURICO JUNIOR","EURICO PINHEIRO BERNARDES JUNIOR","18/01/1959","M","PV","RJ","

    ","dep.euricojunior@camara.gov.br"
"54","74345","EVANDRO MILHOMEN","EVANDRO COSTA MILHOMEN","21/04/1962","M","PCdoB","AP","Sociólogo","dep.evandromilhomen@camara.gov.br"
"54","141427","FABIO RAMALHO","FABIO AUGUSTO RAMALHO DOS SANTOS","22/12/1961","M","PV","MG","Empresário","dep.fabioramalho@camara.gov.br"
"54","171623","FABIO REIS","FABIO DE ALMEIDA REIS","15/04/1977","M","PMDB","SE","

    ","dep.fabioreis@camara.gov.br"
"54","74062","FABIO SOUTO","FABIO LOUREIRO SOUTO","18/01/1973","M","DEM","BA","Economista","dep.fabiosouto@camara.gov.br"
"54","160587","FABIO TRAD","FABIO RICARDO TRAD","18/08/1969","M","PMDB","MS","Advogado","dep.fabiotrad@camara.gov.br"
"54","149327","MAJOR FABIO","FABIO RODRIGUES DE OLIVEIRA","04/11/1969","M","PROS","PB","

    ","dep.majorfabio@camara.gov.br"
"54","141428","FABIO FARIA","FABIO SALUSTINO MESQUITA DE FARIA","01/09/1977","M","PSD","RN","Administrador de Empresas","dep.fabiofaria@camara.gov.br"
"54","74065","FATIMA PELAES","FATIMA LUCIA PELAES","13/02/1959","F","PMDB","AP","SOCIÓLOGO","dep.fatimapelaes@camara.gov.br"
"54","141429","FELIPE MAIA","FELIPE CATALAO MAIA","07/12/1973","M","DEM","RN","Advogado","dep.felipemaia@camara.gov.br"
"54","141430","FELIPE BORNIER","FELIPE LEONE BORNIER DE OLIVEIRA","26/12/1978","M","PSD","RJ","EMPRESÁRIO","dep.felipebornier@camara.gov.br"
"54","160666","FELIX MENDONCA JUNIOR","FELIX DE ALMEIDA MENDONCA JUNIOR","29/11/1963","M","PDT","BA","

    ","dep.felixmendoncajunior@camara.gov.br"
"54","163831","FERNANDO JORDAO","FERNANDO ANTONIO CECILIANO JORDAO","23/06/1952","M","PMDB","RJ","

    ","dep.fernandojordao@camara.gov.br"
"54","141431","FERNANDO COELHO FILHO","FERNANDO BEZERRA DE SOUZA COELHO FILHO","28/02/1984","M","PSB","PE","Administrador de Empresas","dep.fernandocoelhofilho@camara.gov.br"
"54","74417","FERNANDO FERRO","FERNANDO DANTAS FERRO","05/09/1951","M","PT","PE","Engenheiro Elétrico","dep.fernandoferro@camara.gov.br"
"54","160676","FERNANDO TORRES","FERNANDO DANTAS TORRES","28/12/1968","M","PSD","BA","Empresário","dep.fernandotorres@camara.gov.br"
"54","160646","FERNANDO FRANCISCHINI","FERNANDO DESTITO FRANCISCHINI","26/03/1970","M","SD","PR","Delegado de Polícia Federal","dep.fernandofrancischini@camara.gov.br"
"54","74843","FERNANDO LOPES","FERNANDO LOPES DE ALMEIDA","03/12/1946","M","PMDB","RJ","Professor e Economista","dep.fernandolopes@camara.gov.br"
"54","74383","GIACOBO","FERNANDO LUCIO GIACOBO","17/12/1970","M","PR","PR","Empresário","dep.giacobo@camara.gov.br"
"54","73481","FERNANDO MARRONI","FERNANDO STEPHAN MARRONI","31/07/1956","M","PT","RS","

    ","dep.fernandomarroni@camara.gov.br"
"54","141433","FILIPE PEREIRA","FILIPE DE ALMEIDA PEREIRA","16/11/1983","M","PSC","RJ","ADMINISTRADOR DE EMPRESAS, EMPRESÁRIO","dep.filipepereira@camara.gov.br"
"54","160598","FLAVIA MORAIS","FLAVIA CARREIRO ALBUQUERQUE MORAIS","26/04/1969","F","PDT","GO","Professora de Educação Física","dep.flaviamorais@camara.gov.br"
"54","141434","FLAVIANO MELO","FLAVIANO FLAVIO BAPTISTA DE MELO","17/11/1949","M","PMDB","AC","ENGENHEIRO CIVIL","dep.flavianomelo@camara.gov.br"
"54","73459","DR. ROSINHA","FLORISVALDO FIER","12/11/1950","M","PT","PR","Médico e Servidor Público","dep.dr.rosinha@camara.gov.br"
"54","74103","ARIOSTO HOLANDA","FRANCISCO ARIOSTO HOLANDA","11/10/1938","M","PROS","CE","Professor Universitário e Engenheiro Civil","dep.ariostoholanda@camara.gov.br"
"54","62881","DANILO FORTE","FRANCISCO DANILO BASTOS FORTE","01/09/1958","M","PMDB","CE","Advogado","dep.daniloforte@camara.gov.br"
"54","172029","FRANCISCO CHAGAS","FRANCISCO DAS CHAGAS FRANCILINO","21/04/1956","M","PT","SP","

    ","dep.franciscochagas@camara.gov.br"
"54","159237","ASSIS CARVALHO","FRANCISCO DE ASSIS CARVALHO GONCALVES","09/09/1961","M","PT","PI","Funcionário Público Federal","dep.assiscarvalho@camara.gov.br"
"54","178387","FRANCISCO DE ASSIS","FRANCISCO DE ASSIS NUNES","08/09/1962","M","PT","SC","

    ","dep.franciscodeassis@camara.gov.br"
"54","141438","FRANCISCO PRACIANO","FRANCISCO EDNALDO PRACIANO","18/02/1952","M","PT","AM","Economista e Analista de Sistemas","dep.franciscopraciano@camara.gov.br"
"54","160642","PASTOR EURICO","FRANCISCO EURICO DA SILVA","12/09/1962","M","PSB","PE","Comerciário, Comunicador de Rádio","dep.pastoreurico@camara.gov.br"
"54","165675","FRANCISCO ARAUJO","FRANCISCO EVANGELISTA DOS SANTOS DE ARAUJO","03/04/1968","M","PSD","RR","

    ","dep.franciscoaraujo@camara.gov.br"
"54","160976","TIRIRICA","FRANCISCO EVERARDO OLIVEIRA SILVA","01/05/1965","M","PR","SP","Ator","dep.tiririca@camara.gov.br"
"54","160677","FRANCISCO FLORIANO","FRANCISCO FLORIANO DE SOUSA SILVA","21/09/1959","M","PR","RJ","Apresentador de Televisão, Locutor, Publicitário, Representante Comercial","dep.franciscofloriano@camara.gov.br"
"54","141439","CHICO D'ANGELO","FRANCISCO JOSE D'ANGELO PINTO","11/02/1953","M","PT","RJ","Médico","dep.chicodangelo@camara.gov.br"
"54","141440","CHICO LOPES","FRANCISCO LOPES DA SILVA","13/08/1939","M","PCdoB","CE","Professor e Auditor-Fiscal","dep.chicolopes@camara.gov.br"
"54","137983","FRANCISCO ESCORCIO","FRANCISCO LUIZ ESCORCIO LIMA","18/07/1949","M","PMDB","MA","Empresário","dep.franciscoescorcio@camara.gov.br"
"54","172711","PLINIO VALERIO","FRANCISCO PLINIO VALERIO TOMAZ","31/01/1955","M","PSDB","AM","

    ","dep.pliniovalerio@camara.gov.br"
"54","74171","CHICO ALENCAR","FRANCISCO RODRIGUES DE ALENCAR FILHO","19/10/1949","M","PSOL","RJ","PROFESSOR DE ENSINO SUPERIOR","dep.chicoalencar@camara.gov.br"
"54","160634","CHICO DAS VERDURAS","FRANCISCO VIEIRA SAMPAIO","18/05/1950","M","PRP","RR","Carpinteiro, Empresário, Motorista","dep.chicodasverduras@camara.gov.br"
"54","160537","GABRIEL CHALITA","GABRIEL BENEDITO ISSAAC CHALITA","30/04/1969","M","PMDB","SP","Escritor, Professor Universitário","dep.gabrielchalita@camara.gov.br"
"54","129037","GABRIEL GUIMARAES","GABRIEL GUIMARAES DE ANDRADE","06/06/1983","M","PT","MG","Advogado","dep.gabrielguimaraes@camara.gov.br"
"54","74200","GASTAO VIEIRA","GASTAO DIAS VIEIRA","15/06/1946","M","PMDB","MA","Advogado","dep.gastaovieira@camara.gov.br"
"54","165429","GEAN LOUREIRO","GEAN MARQUES LOUREIRO","09/10/1972","M","PMDB","SC","Advogado e Administrador","dep.geanloureiro@camara.gov.br"
"54","160669","GENECIAS NORONHA","GENECIAS MATEUS NORONHA","13/03/1963","M","SD","CE","Empresário","dep.geneciasnoronha@camara.gov.br"
"54","141441","GEORGE HILTON","GEORGE HILTON DOS SANTOS CECILIO","11/06/1971","M","PRB","MG","Radialista, Apresentador de Televisão, Teólogo e Animador","dep.georgehilton@camara.gov.br"
"54","74802","MAGELA","GERALDO MAGELA PEREIRA","26/12/1956","M","PT","DF","BANCÁRIO","dep.magela@camara.gov.br"
"54","74374","GERALDO RESENDE","GERALDO RESENDE PEREIRA","20/04/1955","M","PMDB","MS","MEDICO","dep.geraldoresende@camara.gov.br"
"54","74566","GERALDO SIMOES","GERALDO SIMOES DE OLIVEIRA","13/11/1953","M","PT","BA","Administrador de Empresas, Técnico Agrícola e Funcionário Público Federal","dep.geraldosimoes@camara.gov.br"
"54","74151","GERALDO THADEU","GERALDO THADEU PEDREIRA DOS SANTOS","26/10/1945","M","PSD","MG","ODONTOLOGO","dep.geraldothadeu@camara.gov.br"
"54","141445","PEPE VARGAS","GILBERTO JOSE SPIER VARGAS","29/10/1958","M","PT","RS","Médico","dep.pepevargas@camara.gov.br"
"54","74581","GILMAR MACHADO","GILMAR ALVES MACHADO","06/11/1961","M","PT","MG","Professor de História","dep.gilmarmachado@camara.gov.br"
"54","160673","GIOVANI CHERINI","GIOVANI CHERINI","23/06/1960","M","PDT","RS","Tecnólogo em Cooperativismo","dep.giovanicherini@camara.gov.br"
"54","74077","GIOVANNI QUEIROZ","GIOVANNI CORREA QUEIROZ","15/07/1946","M","PDT","PA","Médico e Agropecuarista","dep.giovanniqueiroz@camara.gov.br"
"54","74558","GIVALDO CARIMBAO","GIVALDO DE SA GOUVEIA","14/10/1957","M","PROS","AL","Comerciante e Gráfico","dep.givaldocarimbao@camara.gov.br"
"54","141446","GLADSON CAMELI","GLADSON DE LIMA CAMELI","26/03/1978","M","PP","AC","EMPRESÁRIO, ENGENHEIRO CIVIL","dep.gladsoncameli@camara.gov.br"
"54","152605","GLAUBER BRAGA","GLAUBER DE MEDEIROS BRAGA","26/06/1982","M","PSB","RJ","Bacharel em Direito","dep.glauberbraga@camara.gov.br"
"54","173802","GOIACIARA CRUZ","GOIACIARA TAVARES CRUZ","07/10/1954","F","PR","TO","

    ","dep.goiaciaracruz@camara.gov.br"
"54","141447","GUILHERME CAMPOS","GUILHERME CAMPOS JUNIOR","20/11/1962","M","PSD","SP","Comerciante e Empresário","dep.guilhermecampos@camara.gov.br"
"54","160667","GUILHERME MUSSI","GUILHERME MUSSI FERREIRA","14/10/1982","M","PP","SP","Administrador de Empresas","dep.guilhermemussi@camara.gov.br"
"54","176120","GUSTAVO PETTA","GUSTAVO LEMOS PETTA","25/12/1980","M","PCdoB","SP","

    ","dep.gustavopetta@camara.gov.br"
"54","175737","HELCIO SILVA","HELCIO ANTONIO DA SILVA","22/02/1963","M","PT","SP","Advogado","dep.helciosilva@camara.gov.br"
"54","160590","HELIO SANTOS","HELIO BATISTA DOS SANTOS","01/12/1963","M","PSDB","MA","Agropecuarista","dep.heliosantos@camara.gov.br"
"54","73940","HENRIQUE AFONSO","HENRIQUE AFONSO SOARES LIMA","03/12/1964","M","PV","AC","PROFESSOR DE ENSINO DE PRIMEIRO E SEGUNDO GRAUS","dep.henriqueafonso@camara.gov.br"
"54","74324","HENRIQUE EDUARDO ALVES","HENRIQUE EDUARDO LYRA ALVES","09/12/1948","M","PMDB","RN","Bacharel em Direito","dep.henriqueeduardoalves@camara.gov.br"
"54","73482","HENRIQUE FONTANA","HENRIQUE FONTANA JUNIOR","18/01/1960","M","PT","RS","Médico e Administrador de Empresas","dep.henriquefontana@camara.gov.br"
"54","160554","BERINHO BANTIM","HERBSON JAIRO RIBEIRO BANTIM","20/11/1958","M","SD","RR","

    ","dep.berinhobantim@camara.gov.br"
"54","73772","HERMES PARCIANELLO","HERMES PARCIANELLO","25/04/1958","M","PMDB","PR","Contador","dep.hermesparcianello@camara.gov.br"
"54","160596","HEULER CRUVINEL","HEULER ABREU CRUVINEL","06/02/1978","M","PSD","GO","

    ","dep.heulercruvinel@camara.gov.br"
"54","74385","TAKAYAMA","HIDEKAZU TAKAYAMA","20/04/1948","M","PSC","PR","Professor, Empresário e Ministro Evangélico","dep.takayama@camara.gov.br"
"54","141448","HOMERO PEREIRA","HOMERO ALVES PEREIRA","25/05/1955","M","PSD","MT","Produtor Rural e Técnico em Agropecuária","dep.homeropereira@camara.gov.br"
"54","141450","HUGO LEAL","HUGO LEAL MELO DA SILVA","06/08/1962","M","PROS","RJ","Advogado","dep.hugoleal@camara.gov.br"
"54","160674","HUGO MOTTA","HUGO MOTTA WANDERLEY DA NOBREGA","11/09/1989","M","PMDB","PB","Estudante Universitário","dep.hugomotta@camara.gov.br"
"54","160974","HUGO NAPOLEAO","HUGO NAPOLEAO DO REGO NETO","31/10/1943","M","PSD","PI","Advogado, Professor","dep.hugonapoleao@camara.gov.br"
"54","74662","HUMBERTO SOUTO","HUMBERTO GUIMARAES SOUTO","03/06/1934","M","PPS","MG","Contador e Advogado","dep.humbertosouto@camara.gov.br"
"54","74780","IARA BERNARDI","IARA BERNARDI","02/06/1952","F","PT","SP","Professora","dep.iarabernardi@camara.gov.br"
"54","74421","INOCENCIO OLIVEIRA","INOCENCIO GOMES DE OLIVEIRA","21/10/1938","M","PR","PE","Médico","dep.inocenciooliveira@camara.gov.br"
"54","160659","KEIKO OTA","IOLANDA KEIKO MIASHIRO OTA","28/09/1956","F","PSB","SP","Empresária, Escritor","dep.keikoota@camara.gov.br"
"54","67138","IRACEMA PORTELLA","IRACEMA MARIA PORTELLA NUNES NOGUEIRA LIMA","23/04/1966","F","PP","PI","Empresária, Professor","dep.iracemaportella@camara.gov.br"
"54","81232","IRAJA ABREU","IRAJA SILVESTRE FILHO","03/02/1983","M","PSD","TO","Empresário, Produtor Rural","dep.irajaabreu@camara.gov.br"
"54","74162","IRINY LOPES","IRINY NICOLAU CORRES LOPES","12/02/1956","F","PT","ES","OUTROS","dep.irinylopes@camara.gov.br"
"54","141453","IRIS DE ARAUJO","IRIS DE ARAUJO REZENDE MACHADO","07/05/1943","F","PMDB","GO","Administrador Público","dep.irisdearaujo@camara.gov.br"
"54","74152","ISAIAS SILVESTRE","ISAIAS SILVESTRE","18/03/1948","M","PSB","MG","

    ","dep.isaiassilvestre@camara.gov.br"
"54","73531","IVAN VALENTE","IVAN VALENTE","05/07/1946","M","PSOL","SP","Matemático e Engenheiro.","dep.ivanvalente@camara.gov.br"
"54","4931","IZALCI","IZALCI LUCAS FERREIRA","07/04/1956","M","PSDB","DF","Contador, Professor","dep.izalci@camara.gov.br"
"54","141454","ALFREDO KAEFER","JACOB ALFREDO STOFFELS KAEFER","07/11/1955","M","PSDB","PR","Industrial","dep.alfredokaefer@camara.gov.br"
"54","74665","JAIME MARTINS","JAIME MARTINS FILHO","17/06/1953","M","PSD","MG","Empresário, Engenheiro e Advogado","dep.jaimemartins@camara.gov.br"
"54","74847","JAIR BOLSONARO","JAIR MESSIAS BOLSONARO","21/03/1955","M","PP","RJ","Militar","dep.jairbolsonaro@camara.gov.br"
"54","3151","JAIRO ATAIDE","JAIRO ATAIDE VIEIRA","18/09/1944","M","DEM","MG","

    ","dep.jairoataide@camara.gov.br"
"54","74848","JANDIRA FEGHALI","JANDIRA FEGHALI","17/05/1957","F","PCdoB","RJ","Médico, Músico","dep.jandirafeghali@camara.gov.br"
"54","73926","JANETE CAPIBERIBE","JANETE MARIA GOES CAPIBERIBE","12/05/1949","F","PSB","AP","

    ","dep.janetecapiberibe@camara.gov.br"
"54","141455","JANETE ROCHA PIETA","JANETE ROCHA PIETA","03/11/1946","F","PT","SP","Professora e Arquiteta","dep.janeterochapieta@camara.gov.br"
"54","160675","JANIO NATAL","JANIO NATAL ANDRADE BORGES","25/12/1953","M","PRP","BA","Administrador","dep.janionatal@camara.gov.br"
"54","97822","JAQUELINE RORIZ","JAQUELINE MARIA RORIZ","18/08/1962","F","PMN","DF","Pedagogo","dep.jaquelineroriz@camara.gov.br"
"54","160672","JEAN WYLLYS","JEAN WYLLYS DE MATOS SANTOS","10/03/1974","M","PSOL","RJ","Comunicador, Escritor, Jornalista, Professor Universitário","dep.jeanwyllys@camara.gov.br"
"54","74273","JEFFERSON CAMPOS","JEFFERSON ALVES DE CAMPOS","26/10/1964","M","PSD","SP","Ministro do Evangelho, Advogado, Tecnologo, Radialista, Bacharel em Teologia","dep.jeffersoncampos@camara.gov.br"
"54","160570","JERONIMO GOERGEN","JERONIMO PIZZOLOTTO GOERGEN","20/01/1976","M","PP","RS","Advogado","dep.jeronimogoergen@camara.gov.br"
"54","160671","JESUS RODRIGUES","JESUS RODRIGUES ALVES","09/04/1959","M","PT","PI","Industrial","dep.jesusrodrigues@camara.gov.br"
"54","141456","JILMAR TATTO","JILMAR AUGUSTINHO TATTO","25/06/1965","M","PT","SP","Professor e Empresário","dep.jilmartatto@camara.gov.br"
"54","73874","JOAO PIZZOLATTI","JOAO ALBERTO PIZZOLATTI JUNIOR","31/10/1961","M","PP","SC","Servidor Público e Engenheiro Civil","dep.joaopizzolatti@camara.gov.br"
"54","160574","JOAO ANANIAS","JOAO ANANIAS VASCONCELOS NETO","23/04/1954","M","PCdoB","CE","Doutor em Medicina","dep.joaoananias@camara.gov.br"
"54","141457","JOAO BITTAR","JOAO BITTAR JUNIOR","17/04/1963","M","DEM","MG","

    ","dep.joaobittar@camara.gov.br"
"54","74559","JOAO CALDAS","JOAO CALDAS DA SILVA","24/06/1960","M","SD","AL","

    ","dep.joaocaldas@camara.gov.br"
"54","74366","JOAO CAMPOS","JOAO CAMPOS DE ARAUJO","28/12/1962","M","PSDB","GO","Delegado de Polícia","dep.joaocampos@camara.gov.br"
"54","141458","JOAO CARLOS BACELAR","JOAO CARLOS PAOLILO BACELAR FILHO","08/10/1972","M","PR","BA","Engenheiro Civil","dep.joaocarlosbacelar@camara.gov.br"
"54","160556","PADRE JOAO","JOAO CARLOS SIQUEIRA","28/02/1967","M","PT","MG","Sacerdote Católico","dep.padrejoao@camara.gov.br"
"54","141459","JOAO MAIA","JOAO DA SILVA MAIA","20/09/1953","M","PR","RN","Economista","dep.joaomaia@camara.gov.br"
"54","161904","DUDIMAR PAXIUBA","JOAO DUDIMAR DE AZEVEDO PAXIUBA","07/03/1956","M","PROS","PA","

    ","dep.dudimarpaxiuba@camara.gov.br"
"54","73682","JOAO DADO","JOAO EDUARDO DADO LEITE DE CARVALHO","16/12/1954","M","SD","SP","AGENTE FISCAL DE RENDAS","dep.joaodado@camara.gov.br"
"54","74550","JOAO LEAO","JOAO FELIPE DE SOUZA LEAO","27/02/1946","M","PP","BA","Empresário","dep.joaoleao@camara.gov.br"
"54","160573","JOAO ARRUDA","JOAO JOSE DE ARRUDA JUNIOR","22/05/1976","M","PMDB","PR","Bacharel em Ciências Físicas e Naturais","dep.joaoarruda@camara.gov.br"
"54","74049","JOAO LYRA","JOAO JOSE PEREIRA DE LYRA","17/06/1931","M","PSD","AL","Advogado, Industrial","dep.joaolyra@camara.gov.br"
"54","74120","JOAO MAGALHAES","JOAO LUCIO MAGALHAES BIFANO","06/02/1960","M","PMDB","MG","Pecuarista e Cafeicultor","dep.joaomagalhaes@camara.gov.br"
"54","160547","LUIZ ARGOLO","JOAO LUIZ CORREIA ARGOLO DOS SANTOS","23/06/1980","M","SD","BA","Administrador, Empresário, Pecuarista","dep.luizargolo@camara.gov.br"
"54","73534","JOAO PAULO CUNHA","JOAO PAULO CUNHA","06/06/1958","M","PT","SP","Metalúrgico","dep.joaopaulocunha@camara.gov.br"
"54","160549","JOAO PAULO LIMA","JOAO PAULO LIMA E SILVA","31/12/1952","M","PT","PE","Economista","dep.joaopaulolima@camara.gov.br"
"54","160571","JOAO RODRIGUES","JOAO RODRIGUES","23/03/1967","M","PSD","SC","Empresário, Radialista","dep.joaorodrigues@camara.gov.br"
"54","74372","SANDES JUNIOR","JOAO SANDES JUNIOR","28/04/1959","M","PP","GO"," Radialista e Advogado","dep.sandesjunior@camara.gov.br"
"54","141461","JOAQUIM BELTRAO","JOAQUIM BELTRAO SIQUEIRA","25/10/1957","M","PMDB","AL","ENGENHEIRO ELETRICISTA, AGRICULTOR","dep.joaquimbeltrao@camara.gov.br"
"54","141462","LIRA MAIA","JOAQUIM DE LIRA MAIA","01/09/1952","M","DEM","PA","ENGENHEIRO AGRÔNOMO","dep.liramaia@camara.gov.br"
"54","160531","JHONATAN DE JESUS","JOHNATHAN PEREIRA DE JESUS","03/09/1983","M","PRB","RR","Empresário","dep.jhonatandejesus@camara.gov.br"
"54","160548","JONAS DONIZETTE","JONAS DONIZETTE FERREIRA","25/06/1965","M","PSB","SP","Radialista","dep.jonasdonizette@camara.gov.br"
"54","73904","MENDES RIBEIRO FILHO","JORGE ALBERTO PORTANOVA MENDES RIBEIRO FILHO","27/12/1954","M","PMDB","RS","Advogado","dep.mendesribeirofilho@camara.gov.br"
"54","74388","JORGE BOEIRA","JORGE CATARINO LEONARDELI BOEIRA","05/11/1955","M","PP","SC","Engenheiro Mecânico.","dep.jorgeboeira@camara.gov.br"
"54","160625","ZOINHO","JORGE DE OLIVEIRA","15/12/1952","M","PR","RJ","

    ","dep.zoinho@camara.gov.br"
"54","73569","JORGE PINHEIRO","JORGE DOS REIS PINHEIRO","12/10/1966","M","PRB","GO","Técnico Contabilidade, Estatística, Economia Doméstica e Administração","dep.jorgepinheiro@camara.gov.br"
"54","74686","JORGE BITTAR","JORGE RICARDO BITTAR","25/10/1948","M","PT","RJ","Engenheiro Eletrônico","dep.jorgebittar@camara.gov.br"
"54","160643","DR. JORGE SILVA","JORGE SILVA","03/06/1952","M","PROS","ES","Médico","dep.dr.jorgesilva@camara.gov.br"
"54","73535","JORGE TADEU MUDALEN","JORGE TADEU MUDALEN","03/01/1955","M","DEM","SP","Engenheiro Civil","dep.jorgetadeumudalen@camara.gov.br"
"54","160572","JORGE CORTE REAL","JORGE WICKS CORTE REAL","09/05/1951","M","PTB","PE","Engenheiro Civil","dep.jorgecortereal@camara.gov.br"
"54","160509","JORGINHO MELLO","JORGINHO DOS SANTOS MELLO","15/07/1956","M","PR","SC","Advogado, Bancário","dep.jorginhomello@camara.gov.br"
"54","141463","ABELARDO CAMARINHA","JOSE ABELARDO GUIMARAES CAMARINHA","22/03/1952","M","PSB","SP","Advogado e Professor","dep.abelardocamarinha@camara.gov.br"
"54","141464","JOSE AIRTON","JOSE AIRTON FELIX CIRILO DA SILVA","21/02/1957","M","PT","CE","Advogado e Engenheiro Civil","dep.joseairton@camara.gov.br"
"54","160582","ALBERTO FILHO","JOSE ALBERTO OLIVEIRA VELOSO FILHO","10/02/1987","M","PMDB","MA","Bacharel em Direito","dep.albertofilho@camara.gov.br"
"54","73428","ALDO REBELO","JOSE ALDO REBELO FIGUEIREDO","23/02/1956","M","PCdoB","SP","Jornalista e Redator","dep.aldorebelo@camara.gov.br"
"54","136811","AFONSO HAMM","JOSE ALFONSO EBERT HAMM","25/04/1962","M","PP","RS","Engenheiro Agrônomo","dep.afonsohamm@camara.gov.br"
"54","160626","ALMEIDA LIMA","JOSE ALMEIDA LIMA","28/09/1953","M","PMDB","SE","Advogado, Professor de Direito","dep.almeidalima@camara.gov.br"
"54","74554","JOSE ROCHA","JOSE ALVES ROCHA","18/08/1948","M","PR","BA","Médico","dep.joserocha@camara.gov.br"
"54","73536","JOSE ANIBAL","JOSE ANIBAL PERES DE PONTES","09/08/1947","M","PSDB","SP","Economista, Professor e Empresário","dep.joseanibal@camara.gov.br"
"54","89282","REGUFFE","JOSE ANTONIO MACHADO REGUFFE","05/09/1972","M","PDT","DF","Economista, Jornalista","dep.reguffe@camara.gov.br"
"54","74291","ARNON BEZERRA","JOSE ARNON CRUZ BEZERRA DE MENEZES","13/08/1951","M","PTB","CE","Médico","dep.arnonbezerra@camara.gov.br"
"54","160661","JOSE AUGUSTO MAIA","JOSE AUGUSTO MAIA","20/01/1956","M","PROS","PE","

    ","dep.joseaugustomaia@camara.gov.br"
"54","74079","JOSE PRIANTE","JOSE BENITO PRIANTE JUNIOR","02/12/1963","M","PMDB","PA","Advogado","dep.josepriante@camara.gov.br"
"54","160592","ZECA DIRCEU","JOSE CARLOS BECKER DE OLIVEIRA E SILVA","21/06/1978","M","PT","PR","Empresário","dep.zecadirceu@camara.gov.br"
"54","168253","ZE CARLOS DA PESCA","JOSE CARLOS DE JESUS RODRIGUES","08/02/1950","M","PP","BA","

    ","dep.zecarlosdapesca@camara.gov.br"
"54","74140","JOSE CARLOS ARAUJO","JOSE CARLOS LEAO DE ARAUJO","21/12/1944","M","PSD","BA","Administrador.","dep.josecarlosaraujo@camara.gov.br"
"54","160595","VAZ DE LIMA","JOSE CARLOS VAZ DE LIMA","29/11/1952","M","PSDB","SP","Agente Fiscal de Rendas","dep.vazdelima@camara.gov.br"
"54","73875","JOSE CARLOS VIEIRA","JOSE CARLOS VIEIRA","27/05/1953","M","PSD","SC","

    ","dep.josecarlosvieira@camara.gov.br"
"54","73933","ZEQUINHA MARINHO","JOSE DA CRUZ MARINHO","18/09/1959","M","PSC","PA","Técnico em Contabilidade e Pedagogo","dep.zequinhamarinho@camara.gov.br"
"54","74056","MENDONCA PRADO","JOSE DE ARAUJO MENDONCA SOBRINHO","14/10/1966","M","DEM","SE","ADVOGADO","dep.mendoncaprado@camara.gov.br"
"54","160560","JOSE DE FILIPPI","JOSE DE FILIPPI JUNIOR","02/06/1957","M","PT","SP","Engenheiro Civil","dep.josedefilippi@camara.gov.br"
"54","74027","RIBAMAR ALVES","JOSE DE RIBAMAR COSTA ALVES","15/06/1954","M","PSB","MA","MEDICO","dep.ribamaralves@camara.gov.br"
"54","74145","ZEZEU RIBEIRO","JOSE EDUARDO VIEIRA RIBEIRO","21/11/1949","M","PT","BA","Arquiteto","dep.zezeuribeiro@camara.gov.br"
"54","141465","PINTO ITAMARATY","JOSE ELEONILDO SOARES","10/05/1960","M","PSDB","MA","Administrador de Empresas","dep.pintoitamaraty@camara.gov.br"
"54","141467","FRANCISCO TENORIO","JOSE FRANCISCO CERQUEIRA TENORIO","17/02/1963","M","PMN","AL","Agricultor, Bancário e Delegado de Polícia","dep.franciscotenorio@camara.gov.br"
"54","74319","PAES LANDIM","JOSE FRANCISCO PAES LANDIM","23/03/1937","M","PTB","PI","Professor e Advogado","dep.paeslandim@camara.gov.br"
"54","73540","JOSE GENOINO","JOSE GENOINO NETO","03/05/1946","M","PT","SP","PROFESSOR","dep.josegenoino@camara.gov.br"
"54","73931","ZE GERALDO","JOSE GERALDO TORRES DA SILVA","21/12/1961","M","PT","PA","Agricultor","dep.zegeraldo@camara.gov.br"
"54","145895","GERA ARRUDA","JOSE GERARDO CORREA DE ARRUDA","10/03/1989","M","PMDB","CE","

    ","dep.geraarruda@camara.gov.br"
"54","74053","HELENO SILVA","JOSE HELENO DA SILVA","22/07/1967","M","PRB","SE","Locutor, Pastor Evangélico, Técnico Agrícola","dep.helenosilva@camara.gov.br"
"54","68731","HENRIQUE OLIVEIRA","JOSE HENRIQUE OLIVEIRA","16/10/1960","M","SD","AM","Apresentador de Televisão, Comunicador, Radialista","dep.henriqueoliveira@camara.gov.br"
"54","160396","JOSE HUMBERTO","JOSE HUMBERTO SOARES","29/10/1960","M","PSD","MG","Comerciante, Consultor, Engenheiro Mecânico","dep.josehumberto@camara.gov.br"
"54","173262","ILARIO MARQUES","JOSE ILARIO GONCALVES MARQUES","13/01/1961","M","PT","CE","

    ","dep.ilariomarques@camara.gov.br"
"54","74156","LEONARDO MONTEIRO","JOSE LEONARDO COSTA MONTEIRO","09/10/1951","M","PT","MG","Advogado","dep.leonardomonteiro@camara.gov.br"
"54","74297","JOSE LINHARES","JOSE LINHARES PONTE","21/10/1930","M","PP","CE","Padre, Filósofo, Psicólogo, Professor, Pedagogo e Administrador","dep.joselinhares@camara.gov.br"
"54","80920","PENNA","JOSE LUIZ DE FRANCA PENNA","27/12/1945","M","PV","SP","Ator, Cantor, Compositor, Músico","dep.penna@camara.gov.br"
"54","160607","JOSE STEDILE","JOSE LUIZ STEDILE","11/08/1957","M","PSB","RS","Administrador Público, Metalúrgico","dep.josestedile@camara.gov.br"
"54","74428","MENDONCA FILHO","JOSE MENDONCA BEZERRA FILHO","12/07/1966","M","DEM","PE","Administrador de Empresas","dep.mendoncafilho@camara.gov.br"
"54","74275","JOSE MENTOR","JOSE MENTOR GUILHERME DE MELLO NETTO","30/09/1948","M","PT","SP","ADVOGADO","dep.josementor@camara.gov.br"
"54","74491","NAZARENO FONTELES","JOSE NAZARENO CARDEAL FONTELES","04/05/1954","M","PT","PI","Médico","dep.nazarenofonteles@camara.gov.br"
"54","141470","JOSE GUIMARAES","JOSE NOBRE GUIMARAES","13/02/1959","M","PT","CE","ADVOGADO","dep.joseguimaraes@camara.gov.br"
"54","160619","JOSE NUNES","JOSE NUNES SOARES","18/12/1950","M","PSD","BA","Empresário","dep.josenunes@camara.gov.br"
"54","160561","MISSIONARIO JOSE OLIMPIO","JOSE OLIMPIO SILVEIRA MORAES","11/12/1956","M","PP","SP","Comerciante","dep.missionariojoseolimpio@camara.gov.br"
"54","74395","JOSE OTAVIO GERMANO","JOSE OTAVIO GERMANO","21/04/1962","M","PP","RS","ADVOGADO","dep.joseotaviogermano@camara.gov.br"
"54","160623","RENAN FILHO","JOSE RENAN VASCONCELOS CALHEIROS FILHO","08/10/1979","M","PMDB","AL","Economista","dep.renanfilho@camara.gov.br"
"54","141472","RICARDO TRIPOLI","JOSE RICARDO ALVARENGA TRIPOLI","17/04/1952","M","PSDB","SP","ADVOGADO.","dep.ricardotripoli@camara.gov.br"
"54","141335","BETO FARO","JOSE ROBERTO OLIVEIRA FARO","20/06/1969","M","PT","PA","AGRICULTOR FAMILIAR","dep.betofaro@camara.gov.br"
"54","141473","ROBERTO SANTIAGO","JOSE ROBERTO SANTIAGO GOMES","01/07/1958","M","PSD","SP","COMERCIÁRIO, SINDICALISTA, JUIZ, PRESIDENTE DA FUNDACENTRO, SUPERINTENDENTE DO INSS/SP","dep.robertosantiago@camara.gov.br"
"54","74762","SARAIVA FELIPE","JOSE SARAIVA FELIPE","26/03/1952","M","PMDB","MG","Professor Universitário e Médico","dep.saraivafelipe@camara.gov.br"
"54","74210","SARNEY FILHO","JOSE SARNEY FILHO","14/06/1957","M","PV","MA","Advogado","dep.sarneyfilho@camara.gov.br"
"54","74423","JOSE CHAVES","JOSE SEVERIANO CHAVES","08/06/1942","M","PTB","PE","Engenheiro Civil e Empresário","dep.josechaves@camara.gov.br"
"54","160632","ZE SILVA","JOSE SILVA SOARES","11/05/1963","M","SD","MG","Agricultor, Agrônomo, Extensionista Rural","dep.zesilva@camara.gov.br"
"54","168175","SIMPLICIO ARAUJO","JOSE SIMPLICIO ALVES DE ARAUJO","18/04/1969","M","SD","MA","

    ","dep.simplicioaraujo@camara.gov.br"
"54","152607","ZE VIEIRA","JOSE VIEIRA LINS","30/07/1934","M","PROS","MA","

    ","dep.zevieira@camara.gov.br"
"54","74043","WELLINGTON ROBERTO","JOSE WELLINGTON ROBERTO","19/05/1959","M","PR","PB","Não informada","dep.wellingtonroberto@camara.gov.br"
"54","160636","WILSON FILHO","JOSE WILSON SANTIAGO FILHO","10/08/1989","M","PTB","PB","

    ","dep.wilsonfilho@camara.gov.br"
"54","160638","ANGELO AGNOLIN","JOSELI ANGELO AGNOLIN","18/09/1954","M","PDT","TO","Empresário","dep.angeloagnolin@camara.gov.br"
"54","4929","JOSEPH BANDEIRA","JOSEPH WALLACE FARIA BANDEIRA","06/11/1949","M","PT","BA","

    ","dep.josephbandeira@camara.gov.br"
"54","74141","JOSIAS GOMES","JOSIAS GOMES DA SILVA","14/10/1956","M","PT","BA","Agrônomo","dep.josiasgomes@camara.gov.br"
"54","74351","JOSUE BENGTSON","JOSUE BENGTSON","27/05/1944","M","PTB","PA","Pastor Evangélico","dep.josuebengtson@camara.gov.br"
"54","73666","JOVAIR ARANTES","JOVAIR DE OLIVEIRA ARANTES","04/06/1951","M","PTB","GO","Cirurgião-Dentista","dep.jovairarantes@camara.gov.br"
"54","168034","CABO JULIANO RABELO","JULIANO DE SOUZA RABELO","13/01/1971","M","PSB","MT","

    ","dep.cabojulianorabelo@camara.gov.br"
"54","74317","JULIO CESAR","JULIO CESAR DE CARVALHO LIMA","25/08/1948","M","PSD","PI","PROFESSOR, ADVOGADO E PRODUTOR RURAL","dep.juliocesar@camara.gov.br"
"54","73586","JULIO DELGADO","JULIO CESAR DELGADO","18/11/1966","M","PSB","MG","CONSULTOR E ADVOGADO","dep.juliodelgado@camara.gov.br"
"54","74783","JULIO SEMEGHINI","JULIO FRANCISCO SEMEGHINI NETO","25/07/1956","M","PSDB","SP","Engenheiro Eletrônico","dep.juliosemeghini@camara.gov.br"
"54","160519","JULIO CAMPOS","JULIO JOSE DE CAMPOS","11/12/1946","M","DEM","MT","Empresário, Engenheiro Agrônomo","dep.juliocampos@camara.gov.br"
"54","74253","JULIO LOPES","JULIO LUIZ BAPTISTA LOPES","06/04/1959","M","PP","RJ","Administrador de Empresas, Professor","dep.juliolopes@camara.gov.br"
"54","160544","JUNJI ABE","JUNJI ABE","15/12/1940","M","PSD","SP","Consultor, Empresário Rural","dep.junjiabe@camara.gov.br"
"54","74570","JUTAHY JUNIOR","JUTAHY MAGALHAES JUNIOR","14/10/1955","M","PSDB","BA","Advogado","dep.jutahyjunior@camara.gov.br"
"54","74742","LAEL VARELLA","LAEL VIEIRA VARELLA","19/02/1939","M","DEM","MG","Empresário","dep.laelvarella@camara.gov.br"
"54","151208","LAERCIO OLIVEIRA","LAERCIO JOSE DE OLIVEIRA","15/04/1959","M","SD","SE","Administrador de Empresas","dep.laerciooliveira@camara.gov.br"
"54","141479","LAUREZ MOREIRA","LAUREZ DA ROCHA MOREIRA","03/07/1957","M","PSB","TO","Advogado","dep.laurezmoreira@camara.gov.br"
"54","160534","LAURIETE","LAURIETE RODRIGUES PINTO","23/02/1970","F","PSC","ES","Empresária","dep.lauriete@camara.gov.br"
"54","141480","LAZARO BOTELHO","LAZARO BOTELHO MARTINS","11/02/1947","M","PP","TO","EMPRESÁRIO, PECUARISTA","dep.lazarobotelho@camara.gov.br"
"54","74367","LEANDRO VILELA","LEANDRO VILELA VELLOSO","07/11/1975","M","PMDB","GO","COMERCIANTE","dep.leandrovilela@camara.gov.br"
"54","73716","LEOMAR QUINTANILHA","LEOMAR DE MELO QUINTANILHA","23/10/1945","M","PMDB","TO","

    ","dep.leomarquintanilha@camara.gov.br"
"54","74254","LEONARDO PICCIANI","LEONARDO CARNEIRO MONTEIRO PICCIANI","06/11/1979","M","PMDB","RJ","Agropecuarista e Bacharel de Direito.","dep.leonardopicciani@camara.gov.br"
"54","122195","LEONARDO GADELHA","LEONARDO DE MELO GADELHA","12/05/1975","M","PSC","PB","

    ","dep.leonardogadelha@camara.gov.br"
"54","141482","LEONARDO QUINTAO","LEONARDO LEMOS BARROS QUINTAO","01/04/1975","M","PMDB","MG","Empresário","dep.leonardoquintao@camara.gov.br"
"54","74368","LEONARDO VILELA","LEONARDO MOURA VILELA","22/12/1963","M","PSDB","GO","MEDICO","dep.leonardovilela@camara.gov.br"
"54","160663","LEOPOLDO MEYER","LEOPOLDO COSTA MEYER","29/11/1949","M","PSB","PR","Engenheiro Civil","dep.leopoldomeyer@camara.gov.br"
"54","160533","LILIAM SA","LILIAM SA DE PAULA","22/04/1960","F","PROS","RJ","Apresentador de Televisão, Estudante Universitário, Radialista","dep.liliamsa@camara.gov.br"
"54","74585","LINCOLN PORTELA","LINCOLN DINIZ PORTELA","03/11/1953","M","PR","MG","Radialista e Comunicador.","dep.lincolnportela@camara.gov.br"
"54","141483","LINDOMAR GARCON","LINDOMAR BARBOSA ALVES","18/10/1969","M","PV","RO","Comerciante","dep.lindomargarcon@camara.gov.br"
"54","160555","LOURIVAL MENDES","LOURIVAL MENDES DA FONSECA FILHO","27/03/1955","M","PTdoB","MA","Delegado de Polícia de Classe Especial, Político","dep.lourivalmendes@camara.gov.br"
"54","73474","LUCI CHOINACKI","LUCI TERESINHA KOSWOSKI CHOINACKI","17/03/1954","F","PT","SC","Agricultora","dep.lucichoinacki@camara.gov.br"
"54","160628","LUCIANA SANTOS","LUCIANA BARBOSA DE OLIVEIRA SANTOS","29/12/1965","F","PCdoB","PE","Engenheiro Elétrico","dep.lucianasantos@camara.gov.br"
"54","73982","LUCIANO CASTRO","LUCIANO DE SOUZA CASTRO","22/08/1949","M","PR","RR","Administrador e Economista","dep.lucianocastro@camara.gov.br"
"54","160513","LUCIANO MOREIRA","LUCIANO FERNANDES MOREIRA","29/07/1952","M","PMDB","MA","Economista","dep.lucianomoreira@camara.gov.br"
"54","73777","LUCIANO PIZZATTO","LUCIANO PIZZATTO","23/03/1957","M","DEM","PR","

    ","dep.lucianopizzatto@camara.gov.br"
"54","141484","LUCIO VALE","LUCIO DUTRA VALE","27/12/1972","M","PR","PA","ADMINISTRADOR DE EMPRESAS","dep.luciovale@camara.gov.br"
"54","94931","LUCIO VIEIRA LIMA","LUCIO QUADROS VIEIRA LIMA","19/11/1962","M","PMDB","BA","Cacauicultor, Engenheiro Agrônomo, Pecuarista","dep.luciovieiralima@camara.gov.br"
"54","73483","LUIS CARLOS HEINZE","LUIS CARLOS HEINZE","14/09/1950","M","PP","RS","Engenheiro Agrônomo e Produtor Rural","dep.luiscarlosheinze@camara.gov.br"
"54","160510","LUIS TIBE","LUIS HENRIQUE DE OLIVEIRA RESENDE","23/07/1971","M","PTdoB","MG","

    ","dep.luistibe@camara.gov.br"
"54","74133","LUIZ ALBERTO","LUIZ ALBERTO SILVA DOS SANTOS","03/01/1953","M","PT","BA","Técnico Químico","dep.luizalberto@camara.gov.br"
"54","74041","LUIZ COUTO","LUIZ ALBUQUERQUE COUTO","13/02/1945","M","PT","PB","Professor Adjunto","dep.luizcouto@camara.gov.br"
"54","171618","LUIZ DE DEUS","LUIZ BARBOSA DE DEUS","05/06/1938","M","DEM","BA","

    ","dep.luizdedeus@camara.gov.br"
"54","141485","LUIZ CARLOS BUSATO","LUIZ CARLOS GHIORZZI BUSATO","06/11/1948","M","PTB","RS","ARQUITETO, CORRETOR DE IMÓVEIS","dep.luizcarlosbusato@camara.gov.br"
"54","160645","LUIZ CARLOS","LUIZ CARLOS GOMES DOS SANTOS JUNIOR","16/08/1979","M","PSDB","AP","Advogado","dep.luizcarlos@camara.gov.br"
"54","73778","LUIZ CARLOS HAULY","LUIZ CARLOS JORGE HAULY","08/10/1950","M","PSDB","PR","Economista e Professor","dep.luizcarloshauly@camara.gov.br"
"54","160550","LUIZ PITIMAN","LUIZ CARLOS PIETSCHMANN","30/03/1962","M","PSDB","DF","Empresário Industrial","dep.luizpitiman@camara.gov.br"
"54","141486","LUIZ CARLOS SETIM","LUIZ CARLOS SETIM","02/05/1944","M","DEM","PR","

    ","dep.luizcarlossetim@camara.gov.br"
"54","177118","DUDU LUIZ EDUARDO","LUIZ EDUARDO FRANCISCO DA SILVA","16/03/1980","M","PSDC","RJ","

    ","dep.duduluizeduardo@camara.gov.br"
"54","160662","LUIZ FERNANDO MACHADO","LUIZ FERNANDO ARANTES MACHADO","08/10/1977","M","PSDB","SP","

    ","dep.luizfernandomachado@camara.gov.br"
"54","141487","LUIZ FERNANDO FARIA","LUIZ FERNANDO RAMOS FARIA","12/09/1957","M","PP","MG","ENGENHEIRO MECÂNICO, AGROPECUARISTA, EMPRESÁRIO - ADMINISTRAÇÃO","dep.luizfernandofaria@camara.gov.br"
"54","74094","DR. LUIZ FERNANDO","LUIZ FERNANDO SARMENTO NICOLAU","30/09/1946","M","PSD","AM","

    ","dep.dr.luizfernando@camara.gov.br"
"54","74419","GONZAGA PATRIOTA","LUIZ GONZAGA PATRIOTA","26/04/1946","M","PSB","PE","Advogado, Contador , Administrador de Empresas e Jornalista.","dep.gonzagapatriota@camara.gov.br"
"54","177282","SUBTENENTE GONZAGA","LUIZ GONZAGA RIBEIRO","31/05/1962","M","PDT","MG","

    ","dep.subtenentegonzaga@camara.gov.br"
"54","160633","MANDETTA","LUIZ HENRIQUE MANDETTA","30/11/1964","M","DEM","MS","Médico","dep.mandetta@camara.gov.br"
"54","162332","LUIZ NISHIMORI","LUIZ HILOSHI NISHIMORI","09/04/1949","M","PR","PR","

    ","dep.luiznishimori@camara.gov.br"
"54","161962","LUIZ NOE","LUIZ NOE SOUZA SOARES","14/09/1975","M","PSB","RS","

    ","dep.luiznoe@camara.gov.br"
"54","161906","LUIZ OTAVIO","LUIZ OTAVIO OLIVEIRA CAMPOS","27/05/1954","M","PMDB","PA","

    ","dep.luizotavio@camara.gov.br"
"54","141488","PAULO TEIXEIRA","LUIZ PAULO TEIXEIRA FERREIRA","06/05/1961","M","PT","SP","Advogado","dep.pauloteixeira@camara.gov.br"
"54","73478","BETO ALBUQUERQUE","LUIZ ROBERTO DE ALBUQUERQUE","06/01/1963","M","PSB","RS","Advogado","dep.betoalbuquerque@camara.gov.br"
"54","74688","LUIZ SERGIO","LUIZ SERGIO NOBREGA DE OLIVEIRA","09/04/1958","M","PT","RJ","Delineador Naval","dep.luizsergio@camara.gov.br"
"54","74784","LUIZA ERUNDINA","LUIZA ERUNDINA DE SOUSA","30/11/1934","F","PSB","SP","Assistente Social","dep.luizaerundina@camara.gov.br"
"54","166402","MAGDA MOFATTO","MAGDA MOFATTO HON","26/10/1948","F","PR","GO","

    ","dep.magdamofatto@camara.gov.br"
"54","141490","MANOEL JUNIOR","MANOEL ALVES DA SILVA JUNIOR","21/02/1964","M","PMDB","PB","Médico","dep.manoeljunior@camara.gov.br"
"54","74456","MANOEL SALVIANO","MANOEL SALVIANO SOBRINHO","24/09/1939","M","PSD","CE","Médico e Industrial","dep.manoelsalviano@camara.gov.br"
"54","171622","MANUEL ROSA NECA","MANUEL ROSA DA SILVA","04/03/1946","M","PR","RJ","

    ","dep.manuelrosaneca@camara.gov.br"
"54","141492","MANUELA D'AVILA","MANUELA PINTO VIEIRA D'AVILA","18/08/1981","F","PCdoB","RS","JORNALISTA","dep.manueladavila@camara.gov.br"
"54","160565","MARA GABRILLI","MARA CRISTINA GABRILLI","28/09/1967","F","PSDB","SP","Psicóloga, Publicitária","dep.maragabrilli@camara.gov.br"
"54","74124","MARCAL FILHO","MARCAL GONCALVES LEITE FILHO","14/10/1964","M","PMDB","MS","

    ","dep.marcalfilho@camara.gov.br"
"54","146613","MARCELO ALMEIDA","MARCELO BELTRAO DE ALMEIDA","06/10/1966","M","PMDB","PR","Engenheiro Civi","dep.marceloalmeida@camara.gov.br"
"54","74460","MARCELO CASTRO","MARCELO COSTA E CASTRO","09/06/1950","M","PMDB","PI","Médico - Mestrado em Psiquiatria","dep.marcelocastro@camara.gov.br"
"54","74143","MARCELO GUIMARAES FILHO","MARCELO DE OLIVEIRA GUIMARAES FILHO","01/03/1976","M","PMDB","BA","Advogado","dep.marceloguimaraesfilho@camara.gov.br"
"54","160660","MARCELO AGUIAR","MARCELO THEODORO DE AGUIAR","16/09/1973","M","DEM","SP","Músico","dep.marceloaguiar@camara.gov.br"
"54","76287","MARCELO MATOS","MARCELO VIVIANI GONCALVES","26/05/1968","M","PDT","RJ","Empresário","dep.marcelomatos@camara.gov.br"
"54","150418","MARCIO MARINHO","MARCIO CARLOS MARINHO","12/12/1970","M","PRB","BA","Radialista","dep.marciomarinho@camara.gov.br"
"54","160542","MARCIO MACEDO","MARCIO COSTA MACEDO","18/09/1970","M","PT","SE","Biólogo, Professor","dep.marciomacedo@camara.gov.br"
"54","141496","MARCIO JUNQUEIRA","MARCIO HENRIQUE JUNQUEIRA PEREIRA","27/01/1968","M","PROS","RR","RADIALISTA","dep.marciojunqueira@camara.gov.br"
"54","141497","MARCIO FRANCA","MARCIO LUIZ FRANCA GOMES","23/06/1963","M","PSB","SP","ADVOGADO","dep.marciofranca@camara.gov.br"
"54","74363","MARCIO BITTAR","MARCIO MIGUEL BITTAR","28/06/1963","M","PSDB","AC","Agropecuarista","dep.marciobittar@camara.gov.br"
"54","74744","MARCIO REINALDO MOREIRA","MARCIO REINALDO DIAS MOREIRA","03/11/1942","M","PP","MG","Economista e Analista de Orçamentos","dep.marcioreinaldomoreira@camara.gov.br"
"54","160641","PROFESSORA MARCIVANIA","MARCIVANIA DO SOCORRO DA ROCHA FLEXA","21/06/1973","F","PT","AP","Professor de Português, Servidor Público Estadual","dep.professoramarcivania@camara.gov.br"
"54","160601","PASTOR MARCO FELICIANO","MARCO ANTONIO FELICIANO","12/10/1972","M","PSC","SP","Conferencista, Empresário, Pastor Evangélico","dep.pastormarcofeliciano@camara.gov.br"
"54","160536","MARCO TEBALDI","MARCO ANTONIO TEBALDI","31/01/1958","M","PSDB","SC","Engenheiro, Funcionário Público","dep.marcotebaldi@camara.gov.br"
"54","133373","MARCO MAIA","MARCO AURELIO SPALL MAIA","27/12/1965","M","PT","RS","Industriário (Metalúrgico)","dep.marcomaia@camara.gov.br"
"54","141498","DR. UBIALI","MARCO AURELIO UBIALI","07/10/1949","M","PSB","SP","

    ","dep.dr.ubiali@camara.gov.br"
"54","74634","MARCOS MEDRADO","MARCOS ANTONIO MEDRADO","30/06/1946","M","SD","BA","Administrador de Empresa e Radialista","dep.marcosmedrado@camara.gov.br"
"54","141500","MARCOS MONTES","MARCOS MONTES CORDEIRO","03/08/1949","M","PSD","MG","MÉDICO, PROFESSOR DE MEDICINA, MÉDICO DO TRABALHO","dep.marcosmontes@camara.gov.br"
"54","167722","MARCOS ROGERIO","MARCOS ROGERIO DA SILVA BRITO","07/07/1978","M","PDT","RO","

    ","dep.marcosrogerio@camara.gov.br"
"54","159238","MARCUS PESTANA","MARCUS VINICIUS CAETANO PESTANA DA SILVA","13/06/1960","M","PSDB","MG","Economista, Professor Universitário","dep.marcuspestana@camara.gov.br"
"54","160580","CIDA BORGHETTI","MARIA APARECIDA BORGHETTI","18/02/1965","F","PROS","PR","Empresária","dep.cidaborghetti@camara.gov.br"
"54","160639","PROFESSORA DORINHA SEABRA REZENDE","MARIA AUXILIADORA SEABRA REZENDE","01/10/1964","F","DEM","TO","Professora Universitária","dep.professoradorinhaseabrarezende@camara.gov.br"
"54","141502","DALVA FIGUEIREDO","MARIA DALVA DE SOUZA FIGUEIREDO","25/04/1961","F","PT","AP","Servidora Pública Federal","dep.dalvafigueiredo@camara.gov.br"
"54","74037","FATIMA BEZERRA","MARIA DE FATIMA BEZERRA","19/05/1955","F","PT","RN","Pedagoga.","dep.fatimabezerra@camara.gov.br"
"54","74398","MARIA DO ROSARIO","MARIA DO ROSARIO NUNES","22/11/1966","F","PT","RS","Professora","dep.mariadorosario@camara.gov.br"
"54","141503","JO MORAES","MARIA DO SOCORRO JO MORAES","09/08/1946","F","PCdoB","MG","FUNCIONÁRIA PÚBLICA","dep.jomoraes@camara.gov.br"
"54","129618","GORETE PEREIRA","MARIA GORETE PEREIRA","10/04/1952","F","PR","CE","FISIOTERAPEUTA","dep.goretepereira@camara.gov.br"
"54","176794","MARIA LUCIA PRANDI ","MARIA LUCIA PRANDI GOMES","29/11/1944","F","PT","SP","

    ","dep.marialuciaprandi@camara.gov.br"
"54","171619","MARGARIDA SALOMAO","MARIA MARGARIDA MARTINS SALOMAO","10/06/1950","F","PT","MG","

    ","dep.margaridasalomao@camara.gov.br"
"54","73943","PERPETUA ALMEIDA","MARIA PERPETUA DE ALMEIDA","28/12/1964","F","PCdoB","AC","Professora e Bancária","dep.perpetuaalmeida@camara.gov.br"
"54","160608","TERESA SURITA","MARIA TERESA SAENZ SURITA JUCA","14/08/1956","F","PMDB","RR","Publicitário, Servidor Público","dep.teresasurita@camara.gov.br"
"54","164361","MARINA SANTANNA","MARINA PIGNATARO SANT'ANNA","14/10/1958","F","PT","GO","

    ","dep.marinasantanna@camara.gov.br"
"54","74177","MARINHA RAUPP","MARINHA CELIA ROCHA RAUPP DE MATOS","23/11/1960","F","PMDB","RO","Psicóloga, Técnica em Assuntos Educacionais, Professora e Servidora Pública","dep.marinharaupp@camara.gov.br"
"54","74747","MARIO DE OLIVEIRA","MARIO DE OLIVEIRA","03/11/1945","M","PSC","MG","MINISTRO EVANGÉLICO","dep.mariodeoliveira@camara.gov.br"
"54","168447","MARIO FEITOZA","MARIO FEITOZA DE CARVALHO FREITAS","02/09/1953","M","PMDB","CE","Agropecuarista, Administrador de Empresas e Empresário","dep.mariofeitoza@camara.gov.br"
"54","74158","MARIO HERINGER","MARIO LUCIO HERINGER","30/09/1954","M","PDT","MG","MEDICO","dep.marioheringer@camara.gov.br"
"54","74635","MARIO NEGROMONTE","MARIO SILVIO MENDES NEGROMONTE","06/07/1950","M","PP","BA","Advogado","dep.marionegromonte@camara.gov.br"
"54","160670","PADRE TON","MARITON BENEDITO DE HOLANDA","04/11/1968","M","PT","RO","

    ","dep.padreton@camara.gov.br"
"54","121759","MARLLOS SAMPAIO","MARLLOS ROSSANO RIBEIRO GONCALVES DE SAMPAIO","28/12/1974","M","PMDB","PI","Delegado de Polícia","dep.marllossampaio@camara.gov.br"
"54","75431","MAURICIO DZIEDRICKI","MAURICIO ALEXANDRE DZIEDRICKI","26/07/1979","M","PTB","RS","

    ","dep.mauriciodziedricki@camara.gov.br"
"54","141506","MAURICIO TRINDADE","MAURICIO GONCALVES TRINDADE","10/09/1962","M","PROS","BA","Médico Dentista","dep.mauriciotrindade@camara.gov.br"
"54","74050","MAURICIO QUINTELLA LESSA","MAURICIO QUINTELLA MALTA LESSA","28/03/1971","M","PR","AL","Servidor Público","dep.mauricioquintellalessa@camara.gov.br"
"54","74045","MAURICIO RANDS","MAURICIO RANDS COELHO BARROS","17/09/1961","M","PT","PE","ADVOGADO","dep.mauriciorands@camara.gov.br"
"54","141507","MAURO MARIANI","MAURO MARIANI","08/01/1964","M","PMDB","SC","Diretor de Empresas","dep.mauromariani@camara.gov.br"
"54","141508","MAURO NAZIF","MAURO NAZIF RASUL","30/01/1959","M","PSB","RO","Médico","dep.mauronazif@camara.gov.br"
"54","74749","MAURO LOPES","MAURO RIBEIRO LOPES","24/05/1936","M","PMDB","MG","Empresário e Bacharel em Direito","dep.maurolopes@camara.gov.br"
"54","141509","MIGUEL CORREA","MIGUEL CORREA DA SILVA JUNIOR","11/06/1978","M","PT","MG","Professor e Comunicador","dep.miguelcorrea@camara.gov.br"
"54","74787","MILTON MONTI","MILTON ANTONIO CASQUEL MONTI","11/06/1961","M","PR","SP","Economista","dep.miltonmonti@camara.gov.br"
"54","74862","MIRO TEIXEIRA","MIRO TEIXEIRA","27/05/1945","M","PROS","RJ","Advogado","dep.miroteixeira@camara.gov.br"
"54","74238","MOACIR MICHELETTO","MOACIR MICHELETTO","25/11/1942","M","PMDB","PR","Engenheiro Agrônomo, Administrador Rural e Extensionista Agrícola","dep.moacirmicheletto@camara.gov.br"
"54","74108","NARCIO RODRIGUES","NARCIO RODRIGUES DA SILVEIRA","23/04/1959","M","PSDB","MG","Jornalista","dep.narciorodrigues@camara.gov.br"
"54","133372","NATAN DONADON","NATAN DONADON","27/07/1967","M","S.PART.","RO","Funcionário Público","dep.natandonadon@camara.gov.br"
"54","141510","NEILTON MULIM","NEILTON MULIM DA COSTA","22/07/1962","M","PR","RJ","PROFESSOR DE MATEMÁTICA","dep.neiltonmulim@camara.gov.br"
"54","160567","NELSON MARCHEZAN JUNIOR","NELSON MARCHEZAN JUNIOR","30/11/1971","M","PSDB","RS","Advogado","dep.nelsonmarchezanjunior@camara.gov.br"
"54","73553","NELSON MARQUEZELLI","NELSON MARQUEZELLI","29/10/1941","M","PTB","SP","Empresário","dep.nelsonmarquezelli@camara.gov.br"
"54","73781","NELSON MEURER","NELSON MEURER","23/07/1942","M","PP","PR","Agropecuarista","dep.nelsonmeurer@camara.gov.br"
"54","160566","NELSON PADOVANI","NELSON PADOVANI","17/09/1948","M","PSC","PR","Empresário","dep.nelsonpadovani@camara.gov.br"
"54","73416","NELSON BORNIER","NELSON ROBERTO BORNIER DE OLIVEIRA","14/01/1950","M","PMDB","RJ","Advogado","dep.nelsonbornier@camara.gov.br"
"54","74571","NELSON PELLEGRINO","NELSON VICENTE PORTELA PELLEGRINO","27/12/1960","M","PT","BA","Advogado","dep.nelsonpellegrino@camara.gov.br"
"54","146307","NERI GELLER","NERI GELLER","07/11/1968","M","PP","MT","

    ","dep.nerigeller@camara.gov.br"
"54","74750","NEWTON CARDOSO","NEWTON CARDOSO","22/05/1938","M","PMDB","MG","Administrador, Advogado, Empresário, Sociólogo","dep.newtoncardoso@camara.gov.br"
"54","160657","NEWTON LIMA","NEWTON LIMA NETO","28/02/1953","M","PT","SP","Professor Universitário","dep.newtonlima@camara.gov.br"
"54","74447","NICE LOBAO","NICE LOBAO","29/10/1936","F","PSD","MA","Servidora Pública","dep.nicelobao@camara.gov.br"
"54","73594","NILMAR RUIZ","NILMAR GAVINO RUIZ","05/02/1956","F","PEN","TO","PROFESSORA DE ENSINO MÉDIO","dep.nilmarruiz@camara.gov.br"
"54","74751","NILMARIO MIRANDA","NILMARIO DE MIRANDA","11/08/1947","M","PT","MG","

    ","dep.nilmariomiranda@camara.gov.br"
"54","166401","NILSON LEITAO","NILSON APARECIDO LEITAO","25/02/1969","M","PSDB","MT","

    ","dep.nilsonleitao@camara.gov.br"
"54","74352","NILSON PINTO","NILSON PINTO DE OLIVEIRA","25/03/1952","M","PSDB","PA","Professor","dep.nilsonpinto@camara.gov.br"
"54","74359","NILTON CAPIXABA","NILTON BALBINO","09/02/1960","M","PTB","RO","Empresário","dep.niltoncapixaba@camara.gov.br"
"54","74392","ZONTA","ODACIR ZONTA","18/07/1945","M","PP","SC","Agricultor Cooperativista.","dep.zonta@camara.gov.br"
"54","74159","ODAIR CUNHA","ODAIR JOSE DA CUNHA","18/06/1976","M","PT","MG","ADVOGADO","dep.odaircunha@camara.gov.br"
"54","73782","ODILIO BALBINOTTI","ODILIO BALBINOTTI","08/06/1941","M","PMDB","PR","Agropecuarista e Empresário","dep.odiliobalbinotti@camara.gov.br"
"54","141513","BILAC PINTO","OLAVO BILAC PINTO NETO","08/06/1963","M","PR","MG","ADVOGADO","dep.bilacpinto@camara.gov.br"
"54","160563","ONOFRE SANTO AGOSTINI","ONOFRE SANTO AGUSTINI","22/03/1940","M","PSD","SC","Serventuário da Justiça","dep.onofresantoagostini@camara.gov.br"
"54","74399","ONYX LORENZONI","ONYX DORNELLES LORENZONI","03/10/1954","M","DEM","RS","VETERINARIO","dep.onyxlorenzoni@camara.gov.br"
"54","73692","OSMAR TERRA","OSMAR GASPARINI TERRA","18/02/1950","M","PMDB","RS","Médico","dep.osmarterra@camara.gov.br"
"54","73463","OSMAR SERRAGLIO","OSMAR JOSE SERRAGLIO","23/05/1948","M","PMDB","PR","Advogado","dep.osmarserraglio@camara.gov.br"
"54","141514","OSMAR JUNIOR","OSMAR RIBEIRO DE ALMEIDA JUNIOR","08/10/1959","M","PCdoB","PI","BACHAREL EM DIREITO","dep.osmarjunior@camara.gov.br"
"54","74191","OSVALDO REIS","OSVALDO DE SOUZA REIS","30/12/1936","M","PMDB","TO","Empresário","dep.osvaldoreis@camara.gov.br"
"54","141515","OTAVIO LEITE","OTAVIO SANTOS SILVA LEITE","29/07/1961","M","PSDB","RJ","Advogado e Professor de Direito","dep.otavioleite@camara.gov.br"
"54","160540","OTONIEL LIMA","OTONIEL CARLOS DE LIMA","19/06/1969","M","PRB","SP","

    ","dep.otoniellima@camara.gov.br"
"54","160564","NILDA GONDIM","OZANILDA GONDIM VITAL DO REGO","30/03/1946","F","PMDB","PB","

    ","dep.nildagondim@camara.gov.br"
"54","160650","OZIEL OLIVEIRA","OZIEL ALVES DE OLIVEIRA","23/03/1965","M","PDT","BA","Administrador, Agricultor","dep.ozieloliveira@camara.gov.br"
"54","74095","PAUDERNEY AVELINO","PAUDERNEY TOMAZ AVELINO","24/09/1954","M","DEM","AM","Engenheiro Civil, Professor","dep.pauderneyavelino@camara.gov.br"
"54","141516","PAULO ABI-ACKEL","PAULO ABI-ACKEL","21/06/1963","M","PSDB","MG","ADVOGADO","dep.pauloabiackel@camara.gov.br"
"54","109372","PAULO FERREIRA","PAULO ADALBERTO ALVES FERREIRA","04/02/1959","M","PT","RS","

    ","dep.pauloferreira@camara.gov.br"
"54","128760","PAULO MARINHO JUNIOR","PAULO CELSO FONSECA MARINHO JUNIOR","09/02/1985","M","PMDB","MA","

    ","dep.paulomarinhojunior@camara.gov.br"
"54","147975","DR. PAULO CESAR","PAULO CESAR DA GUIA ALMEIDA","18/06/1960","M","PR","RJ","Médico","dep.dr.paulocesar@camara.gov.br"
"54","160668","PAULO CESAR QUARTIERO","PAULO CESAR JUSTO QUARTIERO","16/07/1952","M","DEM","RR","Engenheiro Agrônomo","dep.paulocesarquartiero@camara.gov.br"
"54","171617","PAULAO","PAULO FERNANDO DOS SANTOS","15/09/1957","M","PT","AL","

    ","dep.paulao@camara.gov.br"
"54","74017","PAULO FEIJO","PAULO FERNANDO FEIJO TORRES","23/03/1956","M","PR","RJ","Engenheiro Mecânico","dep.paulofeijo@camara.gov.br"
"54","141517","PAULO HENRIQUE LUSTOSA","PAULO HENRIQUE ELLERY LUSTOSA DA COSTA","08/02/1968","M","PP","CE","Administrador e Consultor","dep.paulohenriquelustosa@camara.gov.br"
"54","141518","PAULO PEREIRA DA SILVA","PAULO PEREIRA DA SILVA","24/02/1956","M","SD","SP","SINDICALISTA, CONTROLADOR DE QUALIDADE, METALÚRGICO","dep.paulopereiradasilva@camara.gov.br"
"54","141519","PAULO PIAU","PAULO PIAU NOGUEIRA","23/08/1953","M","PMDB","MG","Engenheiro Agrônomo","dep.paulopiau@camara.gov.br"
"54","73883","PAULO BORNHAUSEN","PAULO ROBERTO BARRETO BORNHAUSEN","19/09/1963","M","PSB","SC","ADVOGADO","dep.paulobornhausen@camara.gov.br"
"54","160517","PAULO FOLETTO","PAULO ROBERTO FOLETTO","30/04/1956","M","PSB","ES","Médico","dep.paulofoletto@camara.gov.br"
"54","160558","PAULO FREIRE","PAULO ROBERTO FREIRE DA COSTA","14/02/1955","M","PR","SP","Ministro do Evangelho","dep.paulofreire@camara.gov.br"
"54","73437","BETO MANSUR","PAULO ROBERTO GOMES MANSUR","07/07/1951","M","PRB","SP","Radialista, Empresário e Engenheiro Eletrônico","dep.betomansur@camara.gov.br"
"54","74400","PAULO PIMENTA","PAULO ROBERTO SEVERO PIMENTA","19/03/1965","M","PT","RS","Técnico Agrícola e Jornalista","dep.paulopimenta@camara.gov.br"
"54","74047","PAULO RUBEM SANTIAGO","PAULO RUBEM SANTIAGO FERREIRA","17/07/1955","M","PDT","PE","PROFESSOR DE ENSINO SUPERIOR","dep.paulorubemsantiago@camara.gov.br"
"54","132056","PAULO MALUF","PAULO SALIM MALUF","03/09/1931","M","PP","SP","ENGENHEIRO CIVIL, INDUSTRIAL","dep.paulomaluf@camara.gov.br"
"54","74574","PAULO MAGALHAES","PAULO SERGIO PARANHOS DE MAGALHAES","28/11/1952","M","PSD","BA","Administrador de Empresas","dep.paulomagalhaes@camara.gov.br"
"54","160658","PAULO TADEU","PAULO TADEU VALE DA SILVA","24/12/1967","M","PT","DF","Eletricitário, Técnico em Edificações","dep.paulotadeu@camara.gov.br"
"54","160593","PAULO WAGNER","PAULO WAGNER LEITE DANTAS","19/07/1962","M","PV","RN","Apresentador de Televisão","dep.paulowagner@camara.gov.br"
"54","174314","PEDRO GUERRA","PEDRO DOS SANTOS LIMA GUERRA","14/09/1981","M","PSD","PR","

    ","dep.pedroguerra@camara.gov.br"
"54","74556","PEDRO EUGENIO","PEDRO EUGENIO DE CASTRO TOLEDO CABRAL","29/03/1949","M","PT","PE","Economista e Professor Universitário","dep.pedroeugenio@camara.gov.br"
"54","74449","PEDRO FERNANDES","PEDRO FERNANDES RIBEIRO","02/03/1949","M","PTB","MA","Engenheiro Civil e Bancário","dep.pedrofernandes@camara.gov.br"
"54","160604","PEDRO UCZAI","PEDRO FRANCISCO UCZAI","10/03/1963","M","PT","SC","Professor Universitário","dep.pedrouczai@camara.gov.br"
"54","74111","PEDRO HENRY","PEDRO HENRY NETO","19/04/1957","M","PP","MT","Médico","dep.pedrohenry@camara.gov.br"
"54","74207","PEDRO NOVAIS","PEDRO NOVAIS LIMA","07/07/1930","M","PMDB","MA","Advogado","dep.pedronovais@camara.gov.br"
"54","122158","PEDRO PAULO","PEDRO PAULO CARVALHO TEIXEIRA","29/06/1972","M","PMDB","RJ","Economista","dep.pedropaulo@camara.gov.br"
"54","74812","PEDRO CHAVES","PEDRO PINHEIRO CHAVES","28/08/1958","M","PMDB","GO","Engenheiro Civil","dep.pedrochaves@camara.gov.br"
"54","160606","DELEGADO PROTOGENES","PROTOGENES PINHEIRO DE QUEIROZ","20/05/1959","M","PCdoB","SP","Delegado de Polícia Federal","dep.delegadoprotogenes@camara.gov.br"
"54","160516","RAIMUNDAO","RAIMUNDO ANTONIO DE MACEDO","30/11/1942","M","PMDB","CE","Médico","dep.raimundao@camara.gov.br"
"54","160648","JUNIOR COIMBRA","RAIMUNDO COIMBRA JUNIOR","28/03/1965","M","PMDB","TO","Jornalista","dep.juniorcoimbra@camara.gov.br"
"54","74216","RAIMUNDO GOMES DE MATOS","RAIMUNDO GOMES DE MATOS","30/03/1951","M","PSDB","CE","Médico","dep.raimundogomesdematos@camara.gov.br"
"54","141522","SABINO CASTELO BRANCO","RAIMUNDO SABINO CASTELO BRANCO MAUES","31/08/1964","M","PTB","AM","EMPRESÁRIO, APRESENTADOR DE TELEVISÃO","dep.sabinocastelobranco@camara.gov.br"
"54","169868","VALRY MORAIS","RAIMUNDO VALRY DE MORAIS","15/08/1961","M","PRP","PA","

    ","dep.valrymorais@camara.gov.br"
"54","160656","RAUL LIMA","RAUL DA SILVA LIMA SOBRINHO","02/12/1966","M","PP","RR","Administrador","dep.raullima@camara.gov.br"
"54","141523","RAUL HENRY","RAUL JEAN LOUIS HENRY JUNIOR","06/06/1964","M","PMDB","PE","ECONOMISTA","dep.raulhenry@camara.gov.br"
"54","141525","REBECCA GARCIA","REBECCA MARTINS GARCIA","28/04/1973","F","PP","AM","ECONOMISTA","dep.rebeccagarcia@camara.gov.br"
"54","74161","REGINALDO LOPES","REGINALDO LAZARO DE OLIVEIRA LOPES","02/04/1973","M","PT","MG","ECONOMISTA","dep.reginaldolopes@camara.gov.br"
"54","160615","REINALDO AZAMBUJA","REINALDO AZAMBUJA SILVA","13/05/1963","M","PSDB","MS","Agropecuarista","dep.reinaldoazambuja@camara.gov.br"
"54","73786","REINHOLD STEPHANES","REINHOLD STEPHANES","13/08/1939","M","PSD","PR","Economista","dep.reinholdstephanes@camara.gov.br"
"54","171620","RENATO ANDRADE","RENATO BARBOSA DE ANDRADE","12/03/1971","M","PP","MG","

    ","dep.renatoandrade@camara.gov.br"
"54","141527","RENATO MOLLING","RENATO DELMAR MOLLING","01/10/1960","M","PP","RS","Administrador, Assessor Político, Industriário, Professor e Auxiliar de Escritório","dep.renatomolling@camara.gov.br"
"54","175212","RENATO SIMOES","RENATO SIMOES","03/02/1962","M","PT","SP","

    ","dep.renatosimoes@camara.gov.br"
"54","160654","RENZO BRAZ","RENZO DO AMARAL BRAZ","11/04/1980","M","PP","MG","Administrador de Empresas","dep.renzobraz@camara.gov.br"
"54","172945","RICARDO ARRUDA","RICARDO ARRUDA NUNES","24/04/1962","M","PSC","PR","

    ","dep.ricardoarruda@camara.gov.br"
"54","169553","RICARDO ARCHER","RICARDO CEPPAS ARCHER","22/04/1981","M","PMDB","MA","

    ","dep.ricardoarcher@camara.gov.br"
"54","160655","RICARDO IZAR","RICARDO IZAR JUNIOR","01/08/1968","M","PSD","SP","Economista, Empresário","dep.ricardoizar@camara.gov.br"
"54","74793","RICARDO BERZOINI","RICARDO JOSE RIBEIRO BERZOINI","10/02/1960","M","PT","SP","Bancário","dep.ricardoberzoini@camara.gov.br"
"54","150634","RICARDO QUIRINO","RICARDO QUIRINO DOS SANTOS","22/09/1964","M","PRB","DF","

    ","dep.ricardoquirino@camara.gov.br"
"54","160653","ROBERTO DE LUCENA","ROBERTO ALVES DE LUCENA","18/04/1966","M","PV","SP","Conferencista, Escritor, Pastor Evangélico","dep.robertodelucena@camara.gov.br"
"54","161903","ROBERTO DORNER","ROBERTO DORNER","06/04/1948","M","PSD","MT","

    ","dep.robertodorner@camara.gov.br"
"54","73674","ROBERTO BALESTRA","ROBERTO EGIDIO BALESTRA","24/05/1944","M","PP","GO","Agropecuarista, Técnico em Laticínios, Comerciante, Industrial e Advogado","dep.robertobalestra@camara.gov.br"
"54","73805","ROBERTO FREIRE","ROBERTO JOAO PEREIRA FREIRE","20/04/1942","M","PPS","SP","Advogado","dep.robertofreire@camara.gov.br"
"54","141529","ROBERTO BRITTO","ROBERTO PEREIRA DE BRITTO","03/04/1951","M","PP","BA","PROFESSOR UNIVERSITÁRIO","dep.robertobritto@camara.gov.br"
"54","162174","POLICARPO","ROBERTO POLICARPO FAGUNDES","22/02/1967","M","PT","DF","Servidor Público e Agrônomo","dep.policarpo@camara.gov.br"
"54","160652","ROBERTO TEIXEIRA","ROBERTO SERGIO RIBEIRO COUTINHO TEIXEIRA","02/10/1961","M","PP","PE","Odontólogo","dep.robertoteixeira@camara.gov.br"
"54","141531","RODRIGO DE CASTRO","RODRIGO BATISTA DE CASTRO","15/07/1971","M","PSDB","MG","Advogado e Administrador de Empresas","dep.rodrigodecastro@camara.gov.br"
"54","152865","RODRIGO BETHLEM","RODRIGO BETHLEM FERNANDES","15/02/1971","M","PMDB","RJ","

    ","dep.rodrigobethlem@camara.gov.br"
"54","74693","RODRIGO MAIA","RODRIGO FELINTO IBARRA EPITACIO MAIA","12/06/1970","M","DEM","RJ","Bancário","dep.rodrigomaia@camara.gov.br"
"54","88950","RODRIGO GARCIA","RODRIGO GARCIA","10/05/1974","M","DEM","SP","

    ","dep.rodrigogarcia@camara.gov.br"
"54","160514","DR. GRILO","RODRIGO MOREIRA LADEIRA GRILO","26/07/1972","M","SD","MG","Advogado","dep.dr.grilo@camara.gov.br"
"54","160568","ROGERIO CARVALHO","ROGERIO CARVALHO SANTOS","02/08/1968","M","PT","SE","Médico","dep.rogeriocarvalho@camara.gov.br"
"54","160651","ROGERIO PENINHA MENDONCA","ROGERIO MENDONCA","27/01/1953","M","PMDB","SC","Engenheiro Agrônomo","dep.rogeriopeninhamendonca@camara.gov.br"
"54","141535","ROGERIO MARINHO","ROGERIO SIMONETTI MARINHO","26/11/1963","M","PSDB","RN","

    ","dep.rogeriomarinho@camara.gov.br"
"54","167707","ROMANNA REMOR","ROMANNA GIULIA CECCON LEANDRO REMOR MARCELINO","18/02/1975","F","PMDB","SC","

    ","dep.romannaremor@camara.gov.br"
"54","160597","ROMARIO","ROMARIO DE SOUZA FARIA","29/01/1966","M","PSB","RJ","Empresário","dep.romario@camara.gov.br"
"54","160629","ROMERO RODRIGUES","ROMERO RODRIGUES VEIGA","09/01/1966","M","PSDB","PB","Agrônomo","dep.romerorodrigues@camara.gov.br"
"54","160637","RONALDO FONSECA","RONALDO FONSECA DE SOUZA","04/04/1959","M","PROS","DF","Advogado","dep.ronaldofonseca@camara.gov.br"
"54","160515","RONALDO BENEDET","RONALDO JOSE BENEDET","09/03/1956","M","PMDB","SC","Advogado","dep.ronaldobenedet@camara.gov.br"
"54","160594","RONALDO ZULKE","RONALDO MIRO ZULKE","16/10/1954","M","PT","RS","Professor","dep.ronaldozulke@camara.gov.br"
"54","163321","RONALDO NOGUEIRA","RONALDO NOGUEIRA DE OLIVEIRA","25/04/1966","M","PTB","RS","Administrador de Empresas","dep.ronaldonogueira@camara.gov.br"
"54","74813","RONALDO CAIADO","RONALDO RAMOS CAIADO","25/09/1949","M","DEM","GO","Médico, Professor e Produtor Rural","dep.ronaldocaiado@camara.gov.br"
"54","146949","ROSINHA DA ADEFAL","ROSEANE CAVALCANTE DE FREITAS","22/04/1973","F","PTdoB","AL","Funcionário Público Federal","dep.rosinhadaadefal@camara.gov.br"
"54","73507","ROSE DE FREITAS","ROSILDA DE FREITAS","23/01/1949","F","PMDB","ES","Professora, Radialista, Jornalista , Desenhista - Projetista e Agrimensora.","dep.rosedefreitas@camara.gov.br"
"54","73466","RUBENS BUENO","RUBENS BUENO","23/05/1948","M","PPS","PR","Professor","dep.rubensbueno@camara.gov.br"
"54","141537","MOREIRA MENDES","RUBENS MOREIRA MENDES FILHO","19/07/1946","M","PSD","RO","ADVOGADO, AGROPECUARISTA","dep.moreiramendes@camara.gov.br"
"54","74371","RUBENS OTONI","RUBENS OTONI GOMIDE","06/02/1956","M","PT","GO","Professor Universitário, Consultor Jurídico e Consultor de Empresas.","dep.rubensotoni@camara.gov.br"
"54","104254","RUI COSTA","RUI COSTA DOS SANTOS","18/01/1963","M","PT","BA","Desenhista-Projetista, Economista, Técnico em Instrumentação Industrial","dep.ruicosta@camara.gov.br"
"54","76420","RUI PALMEIRA","RUI SOARES PALMEIRA","13/09/1976","M","PSDB","AL","

    ","dep.ruipalmeira@camara.gov.br"
"54","160635","RUY CARNEIRO","RUY MANUEL CARNEIRO BARBOSA DE ACA BELCHIOR","17/08/1970","M","PSDB","PB","Administrador","dep.ruycarneiro@camara.gov.br"
"54","160630","SAGUAS MORAES","SAGUAS MORAES SOUSA","11/04/1963","M","PT","MT","Médico","dep.saguasmoraes@camara.gov.br"
"54","73559","SALVADOR ZIMBALDI","SALVADOR ZIMBALDI FILHO","05/06/1955","M","PROS","SP","Servidor Público","dep.salvadorzimbaldi@camara.gov.br"
"54","74039","SANDRA ROSADO","SANDRA MARIA DA ESCOSSIA ROSADO","23/05/1951","F","PSB","RN","ASSISTENTE SOCIAL E ADVOGADA","dep.sandrarosado@camara.gov.br"
"54","160621","SANDRO ALEX","SANDRO ALEX CRUZ DE OLIVEIRA","25/11/1972","M","PPS","PR","Advogado","dep.sandroalex@camara.gov.br"
"54","73676","SANDRO MABEL","SANDRO ANTONIO SCODRO","31/12/1958","M","PMDB","GO","EMPRESARIO","dep.sandromabel@camara.gov.br"
"54","141539","SEBASTIAO BALA ROCHA","SEBASTIAO FERREIRA DA ROCHA","21/01/1958","M","SD","AP","MÉDICO","dep.sebastiaobalarocha@camara.gov.br"
"54","160613","SIBA MACHADO","SEBASTIAO SIBA MACHADO OLIVEIRA","24/01/1958","M","PT","AC","Geográfo","dep.sibamachado@camara.gov.br"
"54","74533","SERGIO BARRADAS CARNEIRO","SERGIO BARRADAS CARNEIRO","14/10/1960","M","PT","BA","

    ","dep.sergiobarradascarneiro@camara.gov.br"
"54","141542","SERGIO MORAES","SERGIO IVAN MORAES","27/04/1958","M","PTB","RS","COMERCIANTE","dep.sergiomoraes@camara.gov.br"
"54","73808","SERGIO BRITO","SERGIO LUIS LACERDA BRITO","08/06/1961","M","PSD","BA","ADMINISTRADOR DE EMPRESAS, BACHAREL EM DIREITO","dep.sergiobrito@camara.gov.br"
"54","170673","PROFESSOR SERGIO DE OLIVEIRA","SERGIO PAULO DE OLIVEIRA","19/03/1963","M","PSC","PR","

    ","dep.professorsergiodeoliveira@camara.gov.br"
"54","160612","SERGIO ZVEITER","SERGIO ZVEITER","18/05/1956","M","PSD","RJ","Advogado","dep.sergiozveiter@camara.gov.br"
"54","141543","PROFESSOR SETIMO","SETIMO WAQUIM","27/11/1949","M","PMDB","MA","Professor de Ensino Médio","dep.professorsetimo@camara.gov.br"
"54","167614","SEVERINO NINHO","SEVERINO DE SOUZA SILVA","14/03/1952","M","PSB","PE","

    ","dep.severinoninho@camara.gov.br"
"54","74435","SERGIO GUERRA","SEVERINO SERGIO ESTELITA GUERRA","09/11/1947","M","PSDB","PE","Economista, Pecuarista, Professor","dep.sergioguerra@camara.gov.br"
"54","74765","SILAS BRASILEIRO","SILAS BRASILEIRO","22/10/1943","M","PMDB","MG","Empresário e Produtor Rural","dep.silasbrasileiro@camara.gov.br"
"54","74356","SILAS CAMARA","SILAS CAMARA","15/12/1962","M","PSD","AM","Empresário","dep.silascamara@camara.gov.br"
"54","73560","SILVIO TORRES","SILVIO FRANCA TORRES","01/06/1946","M","PSDB","SP","JORNALISTA E EMPRESÁRIO","dep.silviotorres@camara.gov.br"
"54","4930","SILVIO COSTA","SILVIO SERAFIM COSTA","23/12/1956","M","PSC","PE","

    ","dep.silviocosta@camara.gov.br"
"54","73424","SIMAO SESSIM","SIMAO SESSIM","08/12/1935","M","PP","RJ","Professor e Advogado","dep.simaosessim@camara.gov.br"
"54","141547","SOLANGE ALMEIDA","SOLANGE PEREIRA DE ALMEIDA","26/02/1961","F","PMDB","RJ","

    ","dep.solangealmeida@camara.gov.br"
"54","92776","STEFANO AGUIAR","STEFANO AGUIAR DOS SANTOS","03/03/1976","M","PSB","MG","

    ","dep.stefanoaguiar@camara.gov.br"
"54","160627","STEPAN NERCESSIAN","STEPAN NERCESSIAN","02/12/1953","M","PPS","RJ","Ator","dep.stepannercessian@camara.gov.br"
"54","141548","SUELI VIDIGAL","SUELI RANGEL SILVA VIDIGAL","19/06/1955","F","PDT","ES","Funcionário Público","dep.suelividigal@camara.gov.br"
"54","160679","TAUMATURGO LIMA","TAUMATURGO LIMA CORDEIRO","11/07/1957","M","PT","AC","

    ","dep.taumaturgolima@camara.gov.br"
"54","169711","TELMA PINHEIRO","TELMA PINHEIRO RIBEIRO","12/03/1952","F","PSDB","MA","

    ","dep.telmapinheiro@camara.gov.br"
"54","160617","THIAGO PEIXOTO","THIAGO MELLO PEIXOTO DA SILVEIRA","22/07/1974","M","PSD","GO","Economista","dep.thiagopeixoto@camara.gov.br"
"54","141551","URZENI ROCHA","URZENI DA ROCHA FREITAS FILHO","28/05/1958","M","PSD","RR","MÉDICO","dep.urzenirocha@camara.gov.br"
"54","73565","VALDEMAR COSTA NETO","VALDEMAR COSTA NETO","11/08/1949","M","PR","SP","Administrador de Empresas","dep.valdemarcostaneto@camara.gov.br"
"54","74010","VALDIR COLATTO","VALDIR COLATTO","15/10/1949","M","PMDB","SC","Engenheiro Agrônomo","dep.valdircolatto@camara.gov.br"
"54","162490","VALDIVINO DE OLIVEIRA","VALDIVINO JOSE DE OLIVEIRA","11/01/1952","M","PSDB","GO","

    ","dep.valdivinodeoliveira@camara.gov.br"
"54","160610","VALMIR ASSUNCAO","VALMIR CARLOS DA ASSUNCAO","17/12/1964","M","PT","BA","Agricultor","dep.valmirassuncao@camara.gov.br"
"54","141552","VALTENIR PEREIRA","VALTENIR LUIZ PEREIRA","24/11/1971","M","PROS","MT","Defensor Público e Professor Universitário","dep.valtenirpereira@camara.gov.br"
"54","74376","VANDER LOUBET","VANDER LUIZ DOS SANTOS LOUBET","22/01/1964","M","PT","MS","Bancário e Funcionário Público.","dep.vanderloubet@camara.gov.br"
"54","141553","VANDERLEI MACRIS","VANDERLEI MACRIS","20/05/1950","M","PSDB","SP","

    ","dep.vanderleimacris@camara.gov.br"
"54","167617","VANDERLEI SIRAQUE","VANDERLEI SIRAQUE","15/02/1960","M","PT","SP","Advogado","dep.vanderleisiraque@camara.gov.br"
"54","160622","VICENTE CANDIDO","VICENTE CANDIDO DA SILVA","17/11/1959","M","PT","SP","Advogado, Comerciante","dep.vicentecandido@camara.gov.br"
"54","74308","VICENTE ARRUDA","VICENTE FERREIRA DE ARRUDA COELHO","17/05/1929","M","PROS","CE","Advogado, Cientista Político e Jornalista","dep.vicentearruda@camara.gov.br"
"54","74283","VICENTINHO","VICENTE PAULO DA SILVA","08/04/1956","M","PT","SP","Bacharel em Direito e Metalúrgico.","dep.vicentinho@camara.gov.br"
"54","159258","VICENTE SELISTRE","VICENTE PAULO DE OLIVEIRA SELISTRE","17/04/1964","M","PSB","RS","

    ","dep.vicenteselistre@camara.gov.br"
"54","148134","PROFESSOR VICTORIO GALLI","VICTORIO GALLI FILHO","30/04/1961","M","PMDB","MT","

    ","dep.professorvictoriogalli@camara.gov.br"
"54","73677","VILMAR ROCHA","VILMAR DA SILVA ROCHA","14/02/1951","M","PSD","GO","Advogado, Professor Universitário","dep.vilmarrocha@camara.gov.br"
"54","141870","VILSON COVATTI","VILSON LUIZ COVATTI","26/01/1957","M","PP","RS","Advogado","dep.vilsoncovatti@camara.gov.br"
"54","160591","VINICIUS GURGEL","VINICIUS DE AZEVEDO GURGEL","31/07/1978","M","PR","AP","Contador","dep.viniciusgurgel@camara.gov.br"
"54","92355","VITOR PAULO","VITOR PAULO ARAUJO DOS SANTOS","22/11/1964","M","PRB","RJ","Jornalista, Radialista","dep.vitorpaulo@camara.gov.br"
"54","141557","VITOR PENIDO","VITOR PENIDO DE BARROS","26/06/1942","M","DEM","MG","

    ","dep.vitorpenido@camara.gov.br"
"54","160569","WALDENOR PEREIRA","WALDENOR ALVES PEREIRA FILHO","08/03/1954","M","PT","BA","Economista","dep.waldenorpereira@camara.gov.br"
"54","141558","WALDIR MARANHAO","WALDIR MARANHAO CARDOSO","04/08/1955","M","PP","MA","Médico Veterinário","dep.waldirmaranhao@camara.gov.br"
"54","164359","DELEGADO WALDIR","WALDIR SOARES DE OLIVEIRA","28/12/1962","M","PSDB","GO","

    ","dep.delegadowaldir@camara.gov.br"
"54","160631","WALNEY ROCHA","WALNEY DA ROCHA CARVALHO","19/04/1959","M","PTB","RJ","Servidor Público Estadual","dep.walneyrocha@camara.gov.br"
"54","160609","WALTER TOSTA","WALTER DA ROCHA TOSTA","20/10/1958","M","PSD","MG","Autônomo","dep.waltertosta@camara.gov.br"
"54","74284","WALTER FELDMAN","WALTER MEYER FELDMAN","29/01/1954","M","PSB","SP","MEDICO","dep.walterfeldman@camara.gov.br"
"54","141560","WALTER IHOSHI","WALTER SHINDI IIHOSHI","17/07/1961","M","PSD","SP","

    ","dep.walterihoshi@camara.gov.br"
"54","141561","WANDENKOLK GONCALVES","WANDENKOLK PASTEUR GONCALVES","17/04/1951","M","PSDB","PA","ENGENHEIRO AGRÔNOMO","dep.wandenkolkgoncalves@camara.gov.br"
"54","74172","DELEY","WANDERLEY ALVES DE OLIVEIRA","28/08/1959","M","PTB","RJ","ATLETA PROFISSIONAL E TECNICO EM DESPORTOS","dep.deley@camara.gov.br"
"54","160620","WASHINGTON REIS","WASHINGTON REIS DE OLIVEIRA","05/04/1967","M","PMDB","RJ","

    ","dep.washingtonreis@camara.gov.br"
"54","141562","LELO COIMBRA","WELINGTON COIMBRA","21/06/1954","M","PMDB","ES","MÉDICO","dep.lelocoimbra@camara.gov.br"
"54","160518","WELITON PRADO","WELITON FERNANDES PRADO","24/08/1975","M","PT","MG","Bacharel em Filosofia","dep.welitonprado@camara.gov.br"
"54","73653","WELLINGTON FAGUNDES","WELLINGTON ANTONIO FAGUNDES","01/06/1957","M","PR","MT","Médico Veterinário e Comerciante","dep.wellingtonfagundes@camara.gov.br"
"54","167493","WEVERTON ROCHA","WEVERTON ROCHA MARQUES DE SOUSA","08/10/1979","M","PDT","MA","

    ","dep.wevertonrocha@camara.gov.br"
"54","160586","WILLIAM DIB","WILLIAM DIB","25/11/1946","M","PSDB","SP","Médico","dep.williamdib@camara.gov.br"
"54","73930","WLADIMIR COSTA","WLADIMIR AFONSO DA COSTA RABELO","16/01/1964","M","SD","PA","LOCUTOR E COMENTARISTA DE RADIO E TELEVISAO E RADIALISTA","dep.wladimircosta@camara.gov.br"
"54","74439","WOLNEY QUEIROZ","WOLNEY QUEIROZ MACIEL","12/12/1972","M","PDT","PE","Empresário","dep.wolneyqueiroz@camara.gov.br"
"54","163322","VILALBA","ZACARIAS VILHARBA","16/12/1961","M","PP","PE","

    ","dep.vilalba@camara.gov.br"
"54","74354","ZENALDO COUTINHO","ZENALDO RODRIGUES COUTINHO JUNIOR","04/02/1961","M","PSDB","PA","Advogado","dep.zenaldocoutinho@camara.gov.br"
